Sample,Year,Island,Age,Malaria,LK6,LK5,KYS9,PS1530,5239s1,7259s1,TLR4_1,TLR4_2,TLR4_3,TLR4_4,5239s1_A,5239s1_T,7259s1_A,7259s1_T,TLR4_1_A,TLR4_1_G,TLR4_2_A,TLR4_2_G,TLR4_3_C,TLR4_3_T,TLR4_4_A,TLR4_4_C,TLR4_Prot_1,TLR4_Prot_2,TLR4_Prot_3,TLR4_Prot_4,5239s1.T,7259s1.A,TLR4_1.G,TLR4_2.A,TLR4_3.C,TLR4_4.C,5239s1_het,7259s1_het,TLR4_1_het,TLR4_2_het,TLR4_3_het,TLR4_4_het,TLR4_het
285,2006,TF,A,0,N,N,N,N,AT,AT,AA,GG,CT,AC,1,1,1,1,1,0,0,1,1,1,1,1,1,1,0,0,1,1,0,0,1,1,1,1,0,0,1,1,1
286,2006,TF,A,0,N,N,N,N,AA,AA,AA,GG,CT,AC,1,0,1,0,1,0,0,1,1,1,1,1,1,1,0,0,0,2,0,0,1,1,0,0,0,0,1,1,1
287,2006,TF,A,1,Y,N,N,N,AT,AT,AA,GG,CC,CC,1,1,1,1,1,0,0,1,1,0,0,1,0,1,0,0,1,1,0,0,2,2,1,1,0,0,0,0,0
288,2006,TF,A,0,N,N,N,N,AA,AT,AA,GG,CT,CC,1,0,1,1,1,0,0,1,1,1,0,1,0,1,0,0,0,1,0,0,1,2,0,1,0,0,1,0,0
289,2006,TF,A,0,N,N,N,N,AA,AA,AA,GG,CT,CC,1,0,1,0,1,0,0,1,1,1,0,1,0,1,0,0,0,2,0,0,1,2,0,0,0,0,1,0,0
291,2006,TF,A,0,N,N,N,N,AA,TT,AA,GG,CT,CC,1,0,0,1,1,0,0,1,1,1,0,1,0,1,0,0,0,0,0,0,1,2,0,0,0,0,1,0,0
292,2006,TF,A,0,N,N,N,N,TT,AA,AA,GG,CC,CC,0,1,1,0,1,0,0,1,1,0,0,1,0,1,0,0,2,2,0,0,2,2,0,0,0,0,0,0,0
293,2006,TF,A,0,N,N,N,N,AA,AT,AA,GG,CT,CC,1,0,1,1,1,0,0,1,1,1,0,1,0,1,0,0,0,1,0,0,1,2,0,1,0,0,1,0,0
294,2006,TF,A,0,N,N,N,N,AT,TT,AA,GG,TT,CC,1,1,0,1,1,0,0,1,0,1,0,1,0,1,0,0,1,0,0,0,0,2,1,0,0,0,0,0,0
295,2006,TF,A,0,N,N,N,N,AT,TT,AA,GG,CT,AC,1,1,0,1,1,0,0,1,1,1,1,1,1,1,0,0,1,0,0,0,1,1,1,0,0,0,1,1,1
296,2006,TF,A,0,N,N,N,N,AT,TT,AA,GG,CT,AC,1,1,0,1,1,0,0,1,1,1,1,1,1,1,0,0,1,0,0,0,1,1,1,0,0,0,1,1,1
297,2006,TF,A,0,N,N,N,N,AA,AA,AA,GG,CC,CC,1,0,1,0,1,0,0,1,1,0,0,1,0,1,0,0,0,2,0,0,2,2,0,0,0,0,0,0,0
298,2006,TF,A,0,N,N,N,N,AA,TT,AA,GG,CC,CC,1,0,0,1,1,0,0,1,1,0,0,1,0,1,0,0,0,0,0,0,2,2,0,0,0,0,0,0,0
299,2006,TF,A,0,N,N,N,N,AA,AA,AA,GG,TT,AA,1,0,1,0,1,0,0,1,0,1,1,0,1,0,0,0,0,2,0,0,0,0,0,0,0,0,0,0,0
300,2006,TF,A,0,N,N,N,N,AA,TT,AA,GG,CC,CC,1,0,0,1,1,0,0,1,1,0,0,1,0,1,0,0,0,0,0,0,2,2,0,0,0,0,0,0,0
301,2006,TF,A,0,N,N,N,N,AA,TT,AA,GG,CC,CC,1,0,0,1,1,0,0,1,1,0,0,1,0,1,0,0,0,0,0,0,2,2,0,0,0,0,0,0,0
302,2006,TF,A,0,N,N,N,N,AA,TT,AA,GG,CT,AC,1,0,0,1,1,0,0,1,1,1,1,1,1,1,0,0,0,0,0,0,1,1,0,0,0,0,1,1,1
303,2006,TF,A,0,N,N,N,N,AA,AT,AA,GG,TT,AA,1,0,1,1,1,0,0,1,0,1,1,0,1,0,0,0,0,1,0,0,0,0,0,1,0,0,0,0,0
304,2006,TF,A,0,N,N,N,N,AA,TT,AA,GG,TT,AA,1,0,0,1,1,0,0,1,0,1,1,0,1,0,0,0,0,0,0,0,0,0,0,0,0,0,0,0,0
305,2006,TF,A,0,N,N,N,N,AA,TT,AA,GG,CC,CC,1,0,0,1,1,0,0,1,1,0,0,1,0,1,0,0,0,0,0,0,2,2,0,0,0,0,0,0,0
306,2006,TF,A,0,N,N,N,N,AA,AA,AA,GG,CT,AC,1,0,1,0,1,0,0,1,1,1,1,1,1,1,0,0,0,2,0,0,1,1,0,0,0,0,1,1,1
307,2006,TF,A,0,N,N,N,N,AA,AT,AA,GG,CT,CC,1,0,1,1,1,0,0,1,1,1,0,1,0,1,0,0,0,1,0,0,1,2,0,1,0,0,1,0,0
410,2006,TF,A,0,N,N,N,N,AA,TT,AA,GG,CC,CC,1,0,0,1,1,0,0,1,1,0,0,1,0,1,0,0,0,0,0,0,2,2,0,0,0,0,0,0,0
411,2006,TF,A,1,Y,N,N,N,AA,AT,AA,GG,CT,CC,1,0,1,1,1,0,0,1,1,1,0,1,0,1,0,0,0,1,0,0,1,2,0,1,0,0,1,0,0
412,2006,TF,A,0,N,N,N,N,AA,TT,AA,GG,CT,AC,1,0,0,1,1,0,0,1,1,1,1,1,1,1,0,0,0,0,0,0,1,1,0,0,0,0,1,1,1
413,2006,TF,A,1,Y,N,N,N,AT,AT,AA,GG,CT,AC,1,1,1,1,1,0,0,1,1,1,1,1,1,1,0,0,1,1,0,0,1,1,1,1,0,0,1,1,1
429,2006,TF,A,0,N,N,N,N,TT,TT,AA,GG,TT,AC,0,1,0,1,1,0,0,1,0,1,1,1,1,1,0,0,2,0,0,0,0,1,0,0,0,0,0,1,1
430,2006,TF,A,0,N,N,N,N,AT,AA,AA,GG,CT,AC,1,1,1,0,1,0,0,1,1,1,1,1,1,1,0,0,1,2,0,0,1,1,1,0,0,0,1,1,1
431,2006,TF,A,0,N,N,N,N,AA,AT,AA,GG,CC,CC,1,0,1,1,1,0,0,1,1,0,0,1,0,1,0,0,0,1,0,0,2,2,0,1,0,0,0,0,0
432,2006,TF,A,0,N,N,N,N,AT,AT,AA,GG,TT,AC,1,1,1,1,1,0,0,1,0,1,1,1,1,1,0,0,1,1,0,0,0,1,1,1,0,0,0,1,1
433,2006,TF,A,0,N,N,N,N,AT,AT,AA,GG,CT,CC,1,1,1,1,1,0,0,1,1,1,0,1,0,1,0,0,1,1,0,0,1,2,1,1,0,0,1,0,0
434,2006,TF,A,0,N,N,N,N,AA,TT,AA,GG,CC,CC,1,0,0,1,1,0,0,1,1,0,0,1,0,1,0,0,0,0,0,0,2,2,0,0,0,0,0,0,0
435,2006,TF,A,0,N,N,N,N,AA,AA,AA,GG,TT,AC,1,0,1,0,1,0,0,1,0,1,1,1,1,1,0,0,0,2,0,0,0,1,0,0,0,0,0,1,1
436,2006,TF,A,0,N,N,N,N,AA,TT,AA,GG,CC,CC,1,0,0,1,1,0,0,1,1,0,0,1,0,1,0,0,0,0,0,0,2,2,0,0,0,0,0,0,0
437,2006,TF,A,0,N,N,N,N,AA,TT,AA,GG,TT,AA,1,0,0,1,1,0,0,1,0,1,1,0,1,0,0,0,0,0,0,0,0,0,0,0,0,0,0,0,0
438,2006,TF,A,0,N,N,N,N,AT,AT,AA,GG,CT,AC,1,1,1,1,1,0,0,1,1,1,1,1,1,1,0,0,1,1,0,0,1,1,1,1,0,0,1,1,1
439,2006,TF,A,0,N,N,N,N,AA,AT,AA,GG,CT,AC,1,0,1,1,1,0,0,1,1,1,1,1,1,1,0,0,0,1,0,0,1,1,0,1,0,0,1,1,1
440,2006,TF,A,1,Y,N,N,N,AA,TT,AA,GG,CT,CC,1,0,0,1,1,0,0,1,1,1,0,1,0,1,0,0,0,0,0,0,1,2,0,0,0,0,1,0,0
441,2006,TF,A,0,N,N,N,N,AA,TT,AA,GG,CC,CC,1,0,0,1,1,0,0,1,1,0,0,1,0,1,0,0,0,0,0,0,2,2,0,0,0,0,0,0,0
442,2006,TF,A,0,N,N,N,N,AA,AA,AA,GG,CT,AC,1,0,1,0,1,0,0,1,1,1,1,1,1,1,0,0,0,2,0,0,1,1,0,0,0,0,1,1,1
443,2006,TF,A,0,N,N,N,N,AA,AT,AA,GG,CT,AC,1,0,1,1,1,0,0,1,1,1,1,1,1,1,0,0,0,1,0,0,1,1,0,1,0,0,1,1,1
446,2006,TF,A,0,N,N,N,N,AT,AA,AA,GG,CC,CC,1,1,1,0,1,0,0,1,1,0,0,1,0,1,0,0,1,2,0,0,2,2,1,0,0,0,0,0,0
447,2006,TF,A,0,N,N,N,N,AT,AT,AA,GG,CC,CC,1,1,1,1,1,0,0,1,1,0,0,1,0,1,0,0,1,1,0,0,2,2,1,1,0,0,0,0,0
448,2006,TF,A,0,N,N,N,N,AT,TT,AA,GG,CC,CC,1,1,0,1,1,0,0,1,1,0,0,1,0,1,0,0,1,0,0,0,2,2,1,0,0,0,0,0,0
449,2006,TF,A,0,N,N,N,N,AA,AA,AA,GG,CC,CC,1,0,1,0,1,0,0,1,1,0,0,1,0,1,0,0,0,2,0,0,2,2,0,0,0,0,0,0,0
450,2006,TF,A,0,N,N,N,N,AA,AT,AA,GG,CT,CC,1,0,1,1,1,0,0,1,1,1,0,1,0,1,0,0,0,1,0,0,1,2,0,1,0,0,1,0,0
451,2006,TF,A,0,N,N,N,N,AT,TT,AA,GG,TT,AA,1,1,0,1,1,0,0,1,0,1,1,0,1,0,0,0,1,0,0,0,0,0,1,0,0,0,0,0,0
452,2006,TF,A,0,N,N,N,N,AA,TT,AA,GG,CT,AC,1,0,0,1,1,0,0,1,1,1,1,1,1,1,0,0,0,0,0,0,1,1,0,0,0,0,1,1,1
453,2006,TF,A,0,N,N,N,N,AT,AT,AA,GG,CC,CC,1,1,1,1,1,0,0,1,1,0,0,1,0,1,0,0,1,1,0,0,2,2,1,1,0,0,0,0,0
454,2006,TF,A,0,N,N,N,N,AA,TT,AA,GG,CT,CC,1,0,0,1,1,0,0,1,1,1,0,1,0,1,0,0,0,0,0,0,1,2,0,0,0,0,1,0,0
455,2006,TF,A,0,N,N,N,N,TT,TT,AA,GG,CT,CC,0,1,0,1,1,0,0,1,1,1,0,1,0,1,0,0,2,0,0,0,1,2,0,0,0,0,1,0,0
497,2006,PS,J,0,N,N,N,N,AA,AT,AA,AG,CC,CC,1,0,1,1,1,0,1,1,1,0,0,1,0,1,1,0,0,1,0,1,2,2,0,1,0,1,0,0,1
498,2006,PS,A,1,Y,N,N,N,AT,AT,AG,GG,CC,CC,1,1,1,1,1,1,0,1,1,0,0,1,0,1,0,1,1,1,1,0,2,2,1,1,1,0,0,0,1
499,2006,PS,J,0,N,N,N,N,AA,TT,AA,GG,TT,AA,1,0,0,1,1,0,0,1,0,1,1,0,1,0,0,0,0,0,0,0,0,0,0,0,0,0,0,0,0
500,2006,PS,J,1,Y,N,N,N,AT,TT,AA,GG,CT,AC,1,1,0,1,1,0,0,1,1,1,1,1,1,1,0,0,1,0,0,0,1,1,1,0,0,0,1,1,1
501,2006,PS,A,1,Y,N,N,N,AT,TT,AA,GG,CT,AC,1,1,0,1,1,0,0,1,1,1,1,1,1,1,0,0,1,0,0,0,1,1,1,0,0,0,1,1,1
502,2006,PS,J,1,Y,N,N,N,AT,TT,AA,GG,CT,AC,1,1,0,1,1,0,0,1,1,1,1,1,1,1,0,0,1,0,0,0,1,1,1,0,0,0,1,1,1
503,2006,PS,J,0,N,N,N,N,AT,TT,AA,AG,CT,AC,1,1,0,1,1,0,1,1,1,1,1,1,1,0,1,0,1,0,0,1,1,1,1,0,0,1,1,1,1
504,2006,PS,J,0,N,N,N,N,AA,TT,AA,AG,CC,CC,1,0,0,1,1,0,1,1,1,0,0,1,0,1,1,0,0,0,0,1,2,2,0,0,0,1,0,0,1
505,2006,PS,J,1,Y,N,N,N,AA,AT,AA,AG,CT,AC,1,0,1,1,1,0,1,1,1,1,1,1,1,0,1,0,0,1,0,1,1,1,0,1,0,1,1,1,1
506,2006,PS,A,1,Y,N,N,N,AA,TT,AA,GG,TT,AA,1,0,0,1,1,0,0,1,0,1,1,0,1,0,0,0,0,0,0,0,0,0,0,0,0,0,0,0,0
507,2006,PS,J,0,N,N,N,N,TT,TT,AA,GG,CT,AC,0,1,0,1,1,0,0,1,1,1,1,1,1,1,0,0,2,0,0,0,1,1,0,0,0,0,1,1,1
508,2006,PS,J,1,Y,N,N,N,AT,TT,AA,GG,CT,AC,1,1,0,1,1,0,0,1,1,1,1,1,1,1,0,0,1,0,0,0,1,1,1,0,0,0,1,1,1
509,2006,PS,A,1,Y,N,N,N,TT,TT,AA,AG,CT,AC,0,1,0,1,1,0,1,1,1,1,1,1,1,0,1,0,2,0,0,1,1,1,0,0,0,1,1,1,1
510,2006,PS,J,1,Y,N,N,N,AT,TT,AA,GG,TT,AA,1,1,0,1,1,0,0,1,0,1,1,0,1,0,0,0,1,0,0,0,0,0,1,0,0,0,0,0,0
511,2006,PS,J,0,N,N,N,N,AA,TT,AG,GG,CT,AC,1,0,0,1,1,1,0,1,1,1,1,1,1,0,0,1,0,0,1,0,1,1,0,0,1,0,1,1,1
512,2006,PS,J,0,N,N,N,N,AA,TT,AA,AG,CT,AC,1,0,0,1,1,0,1,1,1,1,1,1,1,0,1,0,0,0,0,1,1,1,0,0,0,1,1,1,1
513,2006,PS,A,1,Y,N,N,N,TT,TT,AA,GG,TT,AA,0,1,0,1,1,0,0,1,0,1,1,0,1,0,0,0,2,0,0,0,0,0,0,0,0,0,0,0,0
514,2006,PS,J,1,Y,N,N,N,AT,TT,AA,GG,TT,AA,1,1,0,1,1,0,0,1,0,1,1,0,1,0,0,0,1,0,0,0,0,0,1,0,0,0,0,0,0
515,2006,PS,J,0,N,N,N,N,AT,TT,AA,GG,TT,AA,1,1,0,1,1,0,0,1,0,1,1,0,1,0,0,0,1,0,0,0,0,0,1,0,0,0,0,0,0
516,2006,PS,J,0,N,N,N,N,AT,TT,AA,GG,NA,AC,1,1,0,1,1,0,0,1,NA,NA,1,1,NA,NA,NA,NA,1,0,0,0,NA,1,1,0,0,0,NA,1,NA
517,2006,PS,J,1,Y,N,N,N,AT,TT,AA,AG,CT,AC,1,1,0,1,1,0,1,1,1,1,1,1,1,0,1,0,1,0,0,1,1,1,1,0,0,1,1,1,1
518,2006,PS,J,1,Y,N,N,N,AA,TT,AG,GG,CT,AC,1,0,0,1,1,1,0,1,1,1,1,1,1,0,0,1,0,0,1,0,1,1,0,0,1,0,1,1,1
519,2006,PS,A,1,Y,N,N,N,TT,TT,AA,GG,CT,AC,0,1,0,1,1,0,0,1,1,1,1,1,1,1,0,0,2,0,0,0,1,1,0,0,0,0,1,1,1
520,2006,PS,A,1,Y,N,N,N,AT,TT,AA,GG,CT,AC,1,1,0,1,1,0,0,1,1,1,1,1,1,1,0,0,1,0,0,0,1,1,1,0,0,0,1,1,1
521,2006,PS,J,1,Y,N,N,N,TT,TT,AA,GG,TT,AA,0,1,0,1,1,0,0,1,0,1,1,0,1,0,0,0,2,0,0,0,0,0,0,0,0,0,0,0,0
522,2006,PS,J,1,Y,N,N,N,AT,TT,AA,AG,CT,AC,1,1,0,1,1,0,1,1,1,1,1,1,1,0,1,0,1,0,0,1,1,1,1,0,0,1,1,1,1
523,2006,PS,J,1,Y,N,N,N,TT,TT,AA,AG,CT,AC,0,1,0,1,1,0,1,1,1,1,1,1,1,0,1,0,2,0,0,1,1,1,0,0,0,1,1,1,1
524,2006,PS,A,0,N,N,N,N,AA,TT,AA,GG,TT,AA,1,0,0,1,1,0,0,1,0,1,1,0,1,0,0,0,0,0,0,0,0,0,0,0,0,0,0,0,0
525,2006,PS,J,0,N,N,N,N,AT,TT,AG,GG,CT,AC,1,1,0,1,1,1,0,1,1,1,1,1,1,0,0,1,1,0,1,0,1,1,1,0,1,0,1,1,1
526,2006,PS,A,1,Y,N,N,N,AT,TT,AA,AG,CC,CC,1,1,0,1,1,0,1,1,1,0,0,1,0,1,1,0,1,0,0,1,2,2,1,0,0,1,0,0,1
527,2006,PS,A,1,Y,N,N,N,AA,TT,AA,NA,NA,AC,1,0,0,1,1,0,NA,NA,NA,NA,1,1,NA,NA,NA,NA,0,0,0,NA,NA,1,0,0,0,NA,NA,1,NA
602,2009,TF,A,0,N,N,N,N,AT,AT,AA,GG,CC,CC,1,1,1,1,1,0,0,1,1,0,0,1,0,1,0,0,1,1,0,0,2,2,1,1,0,0,0,0,0
603,2009,TF,J,0,N,N,N,N,AA,AA,AA,GG,CT,AC,1,0,1,0,1,0,0,1,1,1,1,1,1,1,0,0,0,2,0,0,1,1,0,0,0,0,1,1,1
604,2009,TF,J,0,N,N,N,N,AT,AT,AA,GG,CC,CC,1,1,1,1,1,0,0,1,1,0,0,1,0,1,0,0,1,1,0,0,2,2,1,1,0,0,0,0,0
605,2009,TF,J,0,N,N,N,N,AT,TT,AA,GG,CC,CC,1,1,0,1,1,0,0,1,1,0,0,1,0,1,0,0,1,0,0,0,2,2,1,0,0,0,0,0,0
606,2009,TF,A,0,N,N,N,N,AA,AT,AA,GG,CC,CC,1,0,1,1,1,0,0,1,1,0,0,1,0,1,0,0,0,1,0,0,2,2,0,1,0,0,0,0,0
607,2009,TF,J,1,Y,N,N,N,AA,AT,AA,GG,CT,AC,1,0,1,1,1,0,0,1,1,1,1,1,1,1,0,0,0,1,0,0,1,1,0,1,0,0,1,1,1
608,2009,TF,A,1,Y,N,N,N,AA,TT,AA,GG,CT,AC,1,0,0,1,1,0,0,1,1,1,1,1,1,1,0,0,0,0,0,0,1,1,0,0,0,0,1,1,1
609,2009,TF,J,1,Y,N,N,N,AA,AT,AA,GG,CT,AC,1,0,1,1,1,0,0,1,1,1,1,1,1,1,0,0,0,1,0,0,1,1,0,1,0,0,1,1,1
610,2009,TF,J,1,Y,N,N,N,NA,NA,AA,GG,TT,NA,NA,NA,NA,NA,1,0,0,1,0,1,NA,NA,NA,NA,NA,NA,NA,NA,0,0,0,NA,NA,NA,0,0,0,NA,NA
611,2009,TF,J,1,Y,N,N,N,AT,AT,AA,GG,CT,AC,1,1,1,1,1,0,0,1,1,1,1,1,1,1,0,0,1,1,0,0,1,1,1,1,0,0,1,1,1
612,2009,TF,A,1,Y,N,N,N,AA,TT,AA,GG,CT,CC,1,0,0,1,1,0,0,1,1,1,0,1,0,1,0,0,0,0,0,0,1,2,0,0,0,0,1,0,0
613,2009,TF,J,0,N,N,N,N,AA,AT,AA,GG,CC,CC,1,0,1,1,1,0,0,1,1,0,0,1,0,1,0,0,0,1,0,0,2,2,0,1,0,0,0,0,0
614,2009,TF,J,0,N,N,N,N,AA,AA,AA,GG,CC,CC,1,0,1,0,1,0,0,1,1,0,0,1,0,1,0,0,0,2,0,0,2,2,0,0,0,0,0,0,0
615,2009,TF,A,0,N,N,N,N,AT,AT,AA,GG,CC,CC,1,1,1,1,1,0,0,1,1,0,0,1,0,1,0,0,1,1,0,0,2,2,1,1,0,0,0,0,0
616,2009,TF,J,1,Y,N,N,N,AA,TT,AA,GG,CC,CC,1,0,0,1,1,0,0,1,1,0,0,1,0,1,0,0,0,0,0,0,2,2,0,0,0,0,0,0,0
617,2009,TF,J,1,Y,N,N,N,AA,AT,AA,GG,CT,AC,1,0,1,1,1,0,0,1,1,1,1,1,1,1,0,0,0,1,0,0,1,1,0,1,0,0,1,1,1
618,2009,TF,A,0,N,N,N,N,AT,AT,AA,GG,TT,AA,1,1,1,1,1,0,0,1,0,1,1,0,1,0,0,0,1,1,0,0,0,0,1,1,0,0,0,0,0
619,2009,TF,A,1,Y,N,N,N,AA,TT,AA,GG,CC,CC,1,0,0,1,1,0,0,1,1,0,0,1,0,1,0,0,0,0,0,0,2,2,0,0,0,0,0,0,0
620,2009,TF,A,0,N,N,N,N,AA,AT,AA,GG,CT,AC,1,0,1,1,1,0,0,1,1,1,1,1,1,1,0,0,0,1,0,0,1,1,0,1,0,0,1,1,1
621,2009,TF,J,1,Y,N,N,N,AA,AA,AA,GG,CC,CC,1,0,1,0,1,0,0,1,1,0,0,1,0,1,0,0,0,2,0,0,2,2,0,0,0,0,0,0,0
622,2009,TF,A,1,Y,N,N,N,AA,AT,AA,GG,CT,CC,1,0,1,1,1,0,0,1,1,1,0,1,0,1,0,0,0,1,0,0,1,2,0,1,0,0,1,0,0
623,2009,TF,J,0,N,N,N,N,AA,TT,AA,GG,CC,CC,1,0,0,1,1,0,0,1,1,0,0,1,0,1,0,0,0,0,0,0,2,2,0,0,0,0,0,0,0
624,2009,TF,A,0,N,N,N,N,AT,AT,AA,GG,TT,AA,1,1,1,1,1,0,0,1,0,1,1,0,1,0,0,0,1,1,0,0,0,0,1,1,0,0,0,0,0
625,2009,TF,J,0,N,N,N,N,AT,AT,AA,GG,TT,AA,1,1,1,1,1,0,0,1,0,1,1,0,1,0,0,0,1,1,0,0,0,0,1,1,0,0,0,0,0
626,2009,TF,A,0,N,N,N,N,AA,AT,AA,GG,CC,CC,1,0,1,1,1,0,0,1,1,0,0,1,0,1,0,0,0,1,0,0,2,2,0,1,0,0,0,0,0
627,2009,TF,J,0,N,N,N,N,AT,TT,AA,GG,CT,AC,1,1,0,1,1,0,0,1,1,1,1,1,1,1,0,0,1,0,0,0,1,1,1,0,0,0,1,1,1
628,2009,TF,J,0,N,N,N,N,AA,TT,AA,GG,CC,CC,1,0,0,1,1,0,0,1,1,0,0,1,0,1,0,0,0,0,0,0,2,2,0,0,0,0,0,0,0
629,2009,TF,J,0,N,N,N,N,AA,TT,AA,GG,TT,AA,1,0,0,1,1,0,0,1,0,1,1,0,1,0,0,0,0,0,0,0,0,0,0,0,0,0,0,0,0
630,2009,TF,A,0,N,N,N,N,AA,AT,AA,GG,TT,AC,1,0,1,1,1,0,0,1,0,1,1,1,1,1,0,0,0,1,0,0,0,1,0,1,0,0,0,1,1
631,2009,TF,J,0,N,N,N,N,AA,AT,AA,GG,CT,CC,1,0,1,1,1,0,0,1,1,1,0,1,0,1,0,0,0,1,0,0,1,2,0,1,0,0,1,0,0
789,2009,TF,J,0,N,N,N,N,AA,AT,AA,GG,CT,AC,1,0,1,1,1,0,0,1,1,1,1,1,1,1,0,0,0,1,0,0,1,1,0,1,0,0,1,1,1
790,2009,TF,A,0,N,N,N,N,AA,AT,AA,GG,CC,CC,1,0,1,1,1,0,0,1,1,0,0,1,0,1,0,0,0,1,0,0,2,2,0,1,0,0,0,0,0
791,2009,TF,J,0,N,N,N,N,AT,AT,AA,GG,CC,CC,1,1,1,1,1,0,0,1,1,0,0,1,0,1,0,0,1,1,0,0,2,2,1,1,0,0,0,0,0
814,2009,PS,J,0,N,N,N,N,AT,TT,AA,GG,TT,AA,1,1,0,1,1,0,0,1,0,1,1,0,1,0,0,0,1,0,0,0,0,0,1,0,0,0,0,0,0
815,2009,PS,J,0,N,N,N,N,AT,TT,AA,GG,TT,AA,1,1,0,1,1,0,0,1,0,1,1,0,1,0,0,0,1,0,0,0,0,0,1,0,0,0,0,0,0
816,2009,PS,J,0,N,N,N,N,AT,TT,AA,GG,CT,AC,1,1,0,1,1,0,0,1,1,1,1,1,1,1,0,0,1,0,0,0,1,1,1,0,0,0,1,1,1
817,2009,PS,A,0,N,N,N,N,AA,TT,AA,GG,TT,AA,1,0,0,1,1,0,0,1,0,1,1,0,1,0,0,0,0,0,0,0,0,0,0,0,0,0,0,0,0
818,2009,PS,A,0,N,N,N,N,AT,TT,AA,AG,CT,AC,1,1,0,1,1,0,1,1,1,1,1,1,1,0,1,0,1,0,0,1,1,1,1,0,0,1,1,1,1
819,2009,PS,A,0,N,N,N,N,AA,TT,AA,AG,CT,AC,1,0,0,1,1,0,1,1,1,1,1,1,1,0,1,0,0,0,0,1,1,1,0,0,0,1,1,1,1
820,2009,PS,A,0,N,N,N,N,AT,TT,AA,GG,CT,AC,1,1,0,1,1,0,0,1,1,1,1,1,1,1,0,0,1,0,0,0,1,1,1,0,0,0,1,1,1
821,2009,PS,J,1,Y,N,N,N,AA,TT,AA,AG,CT,AC,1,0,0,1,1,0,1,1,1,1,1,1,1,0,1,0,0,0,0,1,1,1,0,0,0,1,1,1,1
822,2009,PS,J,1,Y,N,N,N,AT,AT,AG,GG,CT,AC,1,1,1,1,1,1,0,1,1,1,1,1,1,0,0,1,1,1,1,0,1,1,1,1,1,0,1,1,1
823,2009,PS,A,0,N,N,N,N,AA,TT,AA,GG,CT,AC,1,0,0,1,1,0,0,1,1,1,1,1,1,1,0,0,0,0,0,0,1,1,0,0,0,0,1,1,1
824,2009,PS,J,1,Y,N,N,N,TT,TT,AA,GG,TT,AA,0,1,0,1,1,0,0,1,0,1,1,0,1,0,0,0,2,0,0,0,0,0,0,0,0,0,0,0,0
825,2009,PS,A,1,Y,N,N,N,AT,TT,GG,GG,CC,CC,1,1,0,1,0,1,0,1,1,0,0,1,0,0,0,1,1,0,2,0,2,2,1,0,0,0,0,0,0
826,2009,PS,A,1,Y,N,N,N,AT,TT,AA,AG,CT,AC,1,1,0,1,1,0,1,1,1,1,1,1,1,0,1,0,1,0,0,1,1,1,1,0,0,1,1,1,1
827,2009,PS,J,0,N,N,N,N,NA,NA,AA,GG,CT,AC,NA,NA,NA,NA,1,0,0,1,1,1,1,1,1,1,0,0,NA,NA,0,0,1,1,NA,NA,0,0,1,1,1
828,2009,PS,A,1,Y,N,N,N,AA,TT,AA,AG,CT,AC,1,0,0,1,1,0,1,1,1,1,1,1,1,0,1,0,0,0,0,1,1,1,0,0,0,1,1,1,1
829,2009,PS,J,0,N,N,N,N,TT,TT,AG,GG,CT,AC,0,1,0,1,1,1,0,1,1,1,1,1,1,0,0,1,2,0,1,0,1,1,0,0,1,0,1,1,1
830,2009,PS,J,0,N,N,N,N,AA,AT,AA,AA,CC,CC,1,0,1,1,1,0,1,0,1,0,0,1,0,0,1,0,0,1,0,2,2,2,0,1,0,0,0,0,0
831,2009,PS,A,0,N,N,N,N,AT,TT,AA,GG,CT,AC,1,1,0,1,1,0,0,1,1,1,1,1,1,1,0,0,1,0,0,0,1,1,1,0,0,0,1,1,1
832,2009,PS,A,1,Y,N,N,N,AT,TT,AA,AG,CT,AC,1,1,0,1,1,0,1,1,1,1,1,1,1,0,1,0,1,0,0,1,1,1,1,0,0,1,1,1,1
833,2009,PS,A,1,Y,N,N,N,TT,TT,AA,GG,CT,AC,0,1,0,1,1,0,0,1,1,1,1,1,1,1,0,0,2,0,0,0,1,1,0,0,0,0,1,1,1
834,2009,PS,A,0,N,N,N,N,AA,TT,AA,AG,CT,AC,1,0,0,1,1,0,1,1,1,1,1,1,1,0,1,0,0,0,0,1,1,1,0,0,0,1,1,1,1
835,2009,PS,J,0,N,N,N,N,AA,AT,AA,GG,TT,AA,1,0,1,1,1,0,0,1,0,1,1,0,1,0,0,0,0,1,0,0,0,0,0,1,0,0,0,0,0
836,2009,PS,J,0,N,N,N,N,AA,TT,AA,AG,CT,AC,1,0,0,1,1,0,1,1,1,1,1,1,1,0,1,0,0,0,0,1,1,1,0,0,0,1,1,1,1
837,2009,PS,A,1,Y,N,N,N,AA,AT,AA,AG,CT,AC,1,0,1,1,1,0,1,1,1,1,1,1,1,0,1,0,0,1,0,1,1,1,0,1,0,1,1,1,1
838,2009,PS,J,0,N,N,N,N,TT,TT,AA,AG,CT,AC,0,1,0,1,1,0,1,1,1,1,1,1,1,0,1,0,2,0,0,1,1,1,0,0,0,1,1,1,1
839,2009,PS,A,0,N,N,N,N,AT,TT,AA,AG,CT,AC,1,1,0,1,1,0,1,1,1,1,1,1,1,0,1,0,1,0,0,1,1,1,1,0,0,1,1,1,1
840,2009,PS,J,0,N,N,N,N,TT,TT,AA,AG,CT,AC,0,1,0,1,1,0,1,1,1,1,1,1,1,0,1,0,2,0,0,1,1,1,0,0,0,1,1,1,1
841,2009,PS,A,0,N,N,N,N,AT,TT,AA,GG,TT,AA,1,1,0,1,1,0,0,1,0,1,1,0,1,0,0,0,1,0,0,0,0,0,1,0,0,0,0,0,0
842,2009,PS,J,0,N,N,N,N,AT,TT,AA,AA,CC,CC,1,1,0,1,1,0,1,0,1,0,0,1,0,0,1,0,1,0,0,2,2,2,1,0,0,0,0,0,0
843,2009,PS,A,0,N,N,N,N,AA,TT,AA,GG,TT,AA,1,0,0,1,1,0,0,1,0,1,1,0,1,0,0,0,0,0,0,0,0,0,0,0,0,0,0,0,0
920,2009,TF,A,0,N,N,N,N,AA,AT,AA,GG,CC,CC,1,0,1,1,1,0,0,1,1,0,0,1,0,1,0,0,0,1,0,0,2,2,0,1,0,0,0,0,0
921,2009,TF,J,0,N,N,N,N,AT,AT,AA,GG,CT,AC,1,1,1,1,1,0,0,1,1,1,1,1,1,1,0,0,1,1,0,0,1,1,1,1,0,0,1,1,1
922,2009,TF,J,0,N,N,N,N,AA,AT,AA,GG,TT,AA,1,0,1,1,1,0,0,1,0,1,1,0,1,0,0,0,0,1,0,0,0,0,0,1,0,0,0,0,0
923,2009,TF,A,0,N,N,N,N,AT,AT,AA,GG,CT,AC,1,1,1,1,1,0,0,1,1,1,1,1,1,1,0,0,1,1,0,0,1,1,1,1,0,0,1,1,1
924,2009,TF,J,0,N,N,N,N,AA,AT,AA,GG,CC,CC,1,0,1,1,1,0,0,1,1,0,0,1,0,1,0,0,0,1,0,0,2,2,0,1,0,0,0,0,0
925,2009,TF,A,0,N,N,N,N,NA,NA,AA,GG,CC,CC,NA,NA,NA,NA,1,0,0,1,1,0,0,1,0,1,0,0,NA,NA,0,0,2,2,NA,NA,0,0,0,0,0
926,2009,TF,J,0,N,N,N,N,AA,TT,AA,GG,TT,AA,1,0,0,1,1,0,0,1,0,1,1,0,1,0,0,0,0,0,0,0,0,0,0,0,0,0,0,0,0
927,2009,TF,A,0,N,N,N,N,AA,TT,AA,GG,CT,AC,1,0,0,1,1,0,0,1,1,1,1,1,1,1,0,0,0,0,0,0,1,1,0,0,0,0,1,1,1
928,2009,TF,A,0,N,N,N,N,AT,TT,AA,GG,CT,NA,1,1,0,1,1,0,0,1,1,1,NA,NA,NA,NA,NA,NA,1,0,0,0,1,NA,1,0,0,0,1,NA,NA
929,2009,TF,A,0,N,N,N,N,AA,AT,AA,GG,CT,AC,1,0,1,1,1,0,0,1,1,1,1,1,1,1,0,0,0,1,0,0,1,1,0,1,0,0,1,1,1
930,2009,TF,A,0,N,N,N,N,AA,TT,AA,GG,CT,AC,1,0,0,1,1,0,0,1,1,1,1,1,1,1,0,0,0,0,0,0,1,1,0,0,0,0,1,1,1
931,2009,TF,A,0,N,N,N,N,AT,AT,AA,GG,CT,AC,1,1,1,1,1,0,0,1,1,1,1,1,1,1,0,0,1,1,0,0,1,1,1,1,0,0,1,1,1
945,2009,TF,J,0,N,N,N,N,AA,AA,AA,GG,TT,NA,1,0,1,0,1,0,0,1,0,1,NA,NA,NA,NA,NA,NA,0,2,0,0,0,NA,0,0,0,0,0,NA,NA
946,2009,TF,A,0,N,N,N,N,AA,TT,AA,GG,CT,AC,1,0,0,1,1,0,0,1,1,1,1,1,1,1,0,0,0,0,0,0,1,1,0,0,0,0,1,1,1
947,2009,TF,A,0,N,N,N,N,AT,AT,AA,GG,CC,CC,1,1,1,1,1,0,0,1,1,0,0,1,0,1,0,0,1,1,0,0,2,2,1,1,0,0,0,0,0
948,2009,TF,J,0,N,N,N,N,AA,TT,AA,GG,CC,CC,1,0,0,1,1,0,0,1,1,0,0,1,0,1,0,0,0,0,0,0,2,2,0,0,0,0,0,0,0
952,2009,TF,A,0,N,N,N,N,AA,AT,AA,GG,CT,AC,1,0,1,1,1,0,0,1,1,1,1,1,1,1,0,0,0,1,0,0,1,1,0,1,0,0,1,1,1
953,2009,TF,J,0,N,N,N,N,AT,AT,AA,GG,TT,AA,1,1,1,1,1,0,0,1,0,1,1,0,1,0,0,0,1,1,0,0,0,0,1,1,0,0,0,0,0
954,2009,TF,J,0,N,N,N,N,AT,TT,AA,GG,CT,AC,1,1,0,1,1,0,0,1,1,1,1,1,1,1,0,0,1,0,0,0,1,1,1,0,0,0,1,1,1
955,2009,TF,J,0,N,N,N,N,AT,AT,AA,GG,CT,AC,1,1,1,1,1,0,0,1,1,1,1,1,1,1,0,0,1,1,0,0,1,1,1,1,0,0,1,1,1
956,2009,TF,A,0,N,N,N,N,AT,AT,AA,GG,TT,AC,1,1,1,1,1,0,0,1,0,1,1,1,1,1,0,0,1,1,0,0,0,1,1,1,0,0,0,1,1
957,2009,TF,J,0,N,N,N,N,AT,TT,AA,GG,CC,CC,1,1,0,1,1,0,0,1,1,0,0,1,0,1,0,0,1,0,0,0,2,2,1,0,0,0,0,0,0
958,2009,TF,J,0,N,N,N,N,AA,AT,AA,GG,CT,AC,1,0,1,1,1,0,0,1,1,1,1,1,1,1,0,0,0,1,0,0,1,1,0,1,0,0,1,1,1
959,2010,TF,A,0,N,N,N,N,TT,AA,AA,GG,CT,AC,0,1,1,0,1,0,0,1,1,1,1,1,1,1,0,0,2,2,0,0,1,1,0,0,0,0,1,1,1
960,2010,TF,A,0,N,N,N,N,AT,AT,AA,GG,CC,CC,1,1,1,1,1,0,0,1,1,0,0,1,0,1,0,0,1,1,0,0,2,2,1,1,0,0,0,0,0
961,2010,TF,A,1,Y,N,N,N,AT,AT,AA,GG,CT,AC,1,1,1,1,1,0,0,1,1,1,1,1,1,1,0,0,1,1,0,0,1,1,1,1,0,0,1,1,1
962,2010,TF,A,1,Y,N,N,N,AA,AT,AA,GG,TT,AC,1,0,1,1,1,0,0,1,0,1,1,1,1,1,0,0,0,1,0,0,0,1,0,1,0,0,0,1,1
963,2010,TF,A,1,Y,N,N,N,AA,TT,AA,GG,CC,CC,1,0,0,1,1,0,0,1,1,0,0,1,0,1,0,0,0,0,0,0,2,2,0,0,0,0,0,0,0
964,2010,TF,A,1,Y,N,N,N,AA,AT,AA,GG,CT,AC,1,0,1,1,1,0,0,1,1,1,1,1,1,1,0,0,0,1,0,0,1,1,0,1,0,0,1,1,1
965,2010,TF,A,1,Y,N,N,N,AA,TT,AA,GG,CT,CC,1,0,0,1,1,0,0,1,1,1,0,1,0,1,0,0,0,0,0,0,1,2,0,0,0,0,1,0,0
966,2010,TF,J,1,Y,N,N,N,AT,TT,AA,GG,CT,CC,1,1,0,1,1,0,0,1,1,1,0,1,0,1,0,0,1,0,0,0,1,2,1,0,0,0,1,0,0
967,2010,TF,A,0,N,N,N,N,AA,TT,AA,GG,CC,CC,1,0,0,1,1,0,0,1,1,0,0,1,0,1,0,0,0,0,0,0,2,2,0,0,0,0,0,0,0
968,2010,TF,J,0,N,N,N,N,TT,AA,AA,GG,CC,CC,0,1,1,0,1,0,0,1,1,0,0,1,0,1,0,0,2,2,0,0,2,2,0,0,0,0,0,0,0
969,2010,TF,J,1,Y,N,N,N,AA,TT,AA,GG,CT,AC,1,0,0,1,1,0,0,1,1,1,1,1,1,1,0,0,0,0,0,0,1,1,0,0,0,0,1,1,1
970,2010,TF,A,1,Y,N,N,N,AT,TT,AA,GG,CT,CC,1,1,0,1,1,0,0,1,1,1,0,1,0,1,0,0,1,0,0,0,1,2,1,0,0,0,1,0,0
971,2010,TF,A,0,N,N,N,N,AA,AT,AA,GG,CC,CC,1,0,1,1,1,0,0,1,1,0,0,1,0,1,0,0,0,1,0,0,2,2,0,1,0,0,0,0,0
972,2010,TF,A,1,Y,N,N,N,TT,AA,AA,GG,CC,CC,0,1,1,0,1,0,0,1,1,0,0,1,0,1,0,0,2,2,0,0,2,2,0,0,0,0,0,0,0
973,2010,TF,J,1,Y,N,N,N,AT,TT,AA,GG,CT,CC,1,1,0,1,1,0,0,1,1,1,0,1,0,1,0,0,1,0,0,0,1,2,1,0,0,0,1,0,0
974,2010,TF,J,0,N,N,N,N,AA,TT,AA,GG,CT,AC,1,0,0,1,1,0,0,1,1,1,1,1,1,1,0,0,0,0,0,0,1,1,0,0,0,0,1,1,1
975,2010,TF,J,0,N,N,N,N,AA,AT,AA,GG,CC,CC,1,0,1,1,1,0,0,1,1,0,0,1,0,1,0,0,0,1,0,0,2,2,0,1,0,0,0,0,0
976,2010,TF,A,0,N,N,N,N,AT,AT,AA,GG,CT,CC,1,1,1,1,1,0,0,1,1,1,0,1,0,1,0,0,1,1,0,0,1,2,1,1,0,0,1,0,0
977,2010,TF,A,0,N,N,N,N,AA,AT,AA,GG,CC,CC,1,0,1,1,1,0,0,1,1,0,0,1,0,1,0,0,0,1,0,0,2,2,0,1,0,0,0,0,0
978,2010,TF,A,1,Y,N,N,N,AA,TT,AA,GG,CT,AC,1,0,0,1,1,0,0,1,1,1,1,1,1,1,0,0,0,0,0,0,1,1,0,0,0,0,1,1,1
979,2010,TF,A,1,Y,N,N,N,AA,TT,AA,GG,TT,CC,1,0,0,1,1,0,0,1,0,1,0,1,0,1,0,0,0,0,0,0,0,2,0,0,0,0,0,0,0
980,2010,TF,J,0,N,N,N,N,AA,AT,AA,GG,TT,AC,1,0,1,1,1,0,0,1,0,1,1,1,1,1,0,0,0,1,0,0,0,1,0,1,0,0,0,1,1
981,2010,TF,J,0,N,N,N,N,AT,AT,AA,GG,CT,CC,1,1,1,1,1,0,0,1,1,1,0,1,0,1,0,0,1,1,0,0,1,2,1,1,0,0,1,0,0
982,2010,TF,A,0,N,N,N,N,AA,AT,AA,GG,CC,CC,1,0,1,1,1,0,0,1,1,0,0,1,0,1,0,0,0,1,0,0,2,2,0,1,0,0,0,0,0
983,2010,TF,A,0,N,N,N,N,AA,AT,AA,GG,TT,AC,1,0,1,1,1,0,0,1,0,1,1,1,1,1,0,0,0,1,0,0,0,1,0,1,0,0,0,1,1
984,2010,TF,J,0,N,N,N,N,AA,AT,AA,GG,CC,CC,1,0,1,1,1,0,0,1,1,0,0,1,0,1,0,0,0,1,0,0,2,2,0,1,0,0,0,0,0
985,2010,TF,J,0,N,N,N,N,AA,TT,AA,GG,TT,AC,1,0,0,1,1,0,0,1,0,1,1,1,1,1,0,0,0,0,0,0,0,1,0,0,0,0,0,1,1
986,2010,TF,J,0,N,N,N,N,AA,AT,AA,GG,TT,CC,1,0,1,1,1,0,0,1,0,1,0,1,0,1,0,0,0,1,0,0,0,2,0,1,0,0,0,0,0
987,2010,TF,A,0,N,N,N,N,AT,TT,AA,GG,CT,AC,1,1,0,1,1,0,0,1,1,1,1,1,1,1,0,0,1,0,0,0,1,1,1,0,0,0,1,1,1
988,2010,TF,A,0,N,N,N,N,AA,TT,AA,GG,TT,AA,1,0,0,1,1,0,0,1,0,1,1,0,1,0,0,0,0,0,0,0,0,0,0,0,0,0,0,0,0
989,2010,TF,J,0,N,N,N,N,AA,TT,AA,GG,CC,CC,1,0,0,1,1,0,0,1,1,0,0,1,0,1,0,0,0,0,0,0,2,2,0,0,0,0,0,0,0
990,2010,TF,A,0,N,N,N,N,AA,TT,AA,GG,CT,AC,1,0,0,1,1,0,0,1,1,1,1,1,1,1,0,0,0,0,0,0,1,1,0,0,0,0,1,1,1
991,2010,TF,J,0,N,N,N,N,AT,TT,AA,GG,CC,CC,1,1,0,1,1,0,0,1,1,0,0,1,0,1,0,0,1,0,0,0,2,2,1,0,0,0,0,0,0
992,2010,TF,J,0,N,N,N,N,AA,TT,AA,GG,CC,CC,1,0,0,1,1,0,0,1,1,0,0,1,0,1,0,0,0,0,0,0,2,2,0,0,0,0,0,0,0
993,2010,TF,J,0,N,N,N,N,AA,AT,AA,GG,CC,CC,1,0,1,1,1,0,0,1,1,0,0,1,0,1,0,0,0,1,0,0,2,2,0,1,0,0,0,0,0
994,2010,TF,A,0,N,N,N,N,AT,TT,AA,GG,CT,AC,1,1,0,1,1,0,0,1,1,1,1,1,1,1,0,0,1,0,0,0,1,1,1,0,0,0,1,1,1
995,2010,TF,J,0,N,N,N,N,AA,TT,AA,GG,CC,CC,1,0,0,1,1,0,0,1,1,0,0,1,0,1,0,0,0,0,0,0,2,2,0,0,0,0,0,0,0
996,2010,TF,J,0,N,N,N,N,TT,TT,AA,GG,CC,CC,0,1,0,1,1,0,0,1,1,0,0,1,0,1,0,0,2,0,0,0,2,2,0,0,0,0,0,0,0
997,2010,TF,J,0,N,N,N,N,AA,TT,AA,GG,CT,AC,1,0,0,1,1,0,0,1,1,1,1,1,1,1,0,0,0,0,0,0,1,1,0,0,0,0,1,1,1
998,2010,TF,J,0,N,N,N,N,AT,TT,AA,GG,CC,CC,1,1,0,1,1,0,0,1,1,0,0,1,0,1,0,0,1,0,0,0,2,2,1,0,0,0,0,0,0
999,2010,TF,J,0,N,N,N,N,AA,TT,AA,GG,CC,CC,1,0,0,1,1,0,0,1,1,0,0,1,0,1,0,0,0,0,0,0,2,2,0,0,0,0,0,0,0
1000,2010,TF,J,0,N,N,N,N,AA,AT,AA,GG,CC,CC,1,0,1,1,1,0,0,1,1,0,0,1,0,1,0,0,0,1,0,0,2,2,0,1,0,0,0,0,0
1001,2010,TF,A,0,N,N,N,N,AA,TT,AA,GG,CC,CC,1,0,0,1,1,0,0,1,1,0,0,1,0,1,0,0,0,0,0,0,2,2,0,0,0,0,0,0,0
1002,2010,TF,A,0,N,N,N,N,AA,TT,AA,GG,CC,CC,1,0,0,1,1,0,0,1,1,0,0,1,0,1,0,0,0,0,0,0,2,2,0,0,0,0,0,0,0
1003,2010,TF,A,0,N,N,N,N,AT,AT,AA,GG,CC,CC,1,1,1,1,1,0,0,1,1,0,0,1,0,1,0,0,1,1,0,0,2,2,1,1,0,0,0,0,0
1004,2010,TF,A,0,N,N,N,N,AA,TT,AA,GG,CC,CC,1,0,0,1,1,0,0,1,1,0,0,1,0,1,0,0,0,0,0,0,2,2,0,0,0,0,0,0,0
1005,2010,TF,A,0,N,N,N,N,AT,AT,AA,GG,CC,CC,1,1,1,1,1,0,0,1,1,0,0,1,0,1,0,0,1,1,0,0,2,2,1,1,0,0,0,0,0
1006,2010,TF,J,0,N,N,N,N,AA,AT,AA,GG,CT,AC,1,0,1,1,1,0,0,1,1,1,1,1,1,1,0,0,0,1,0,0,1,1,0,1,0,0,1,1,1
1007,2010,TF,J,0,N,N,N,N,AT,TT,AA,GG,CT,AC,1,1,0,1,1,0,0,1,1,1,1,1,1,1,0,0,1,0,0,0,1,1,1,0,0,0,1,1,1
1008,2010,TF,J,0,N,N,N,N,AA,AA,AA,GG,CT,AC,1,0,1,0,1,0,0,1,1,1,1,1,1,1,0,0,0,2,0,0,1,1,0,0,0,0,1,1,1
1009,2010,TF,J,0,N,N,N,N,AA,AT,AA,GG,CT,AC,1,0,1,1,1,0,0,1,1,1,1,1,1,1,0,0,0,1,0,0,1,1,0,1,0,0,1,1,1
1010,2010,TF,A,0,N,N,N,N,AA,TT,AA,GG,CC,CC,1,0,0,1,1,0,0,1,1,0,0,1,0,1,0,0,0,0,0,0,2,2,0,0,0,0,0,0,0
1011,2010,TF,A,0,N,N,N,N,AT,TT,AA,GG,CC,CC,1,1,0,1,1,0,0,1,1,0,0,1,0,1,0,0,1,0,0,0,2,2,1,0,0,0,0,0,0
1012,2010,TF,J,0,N,N,N,N,AT,AT,AA,GG,CT,AC,1,1,1,1,1,0,0,1,1,1,1,1,1,1,0,0,1,1,0,0,1,1,1,1,0,0,1,1,1
1013,2010,TF,A,0,N,N,N,N,AT,AT,AA,GG,TT,AC,1,1,1,1,1,0,0,1,0,1,1,1,1,1,0,0,1,1,0,0,0,1,1,1,0,0,0,1,1
1014,2010,TF,A,0,N,N,N,N,AA,TT,AA,GG,CC,CC,1,0,0,1,1,0,0,1,1,0,0,1,0,1,0,0,0,0,0,0,2,2,0,0,0,0,0,0,0
1015,2010,TF,A,0,N,N,N,N,AT,TT,AA,GG,CT,NA,1,1,0,1,1,0,0,1,1,1,NA,NA,NA,NA,NA,NA,1,0,0,0,1,NA,1,0,0,0,1,NA,NA
1016,2010,TF,A,0,N,N,N,N,AA,AT,AA,GG,CT,AC,1,0,1,1,1,0,0,1,1,1,1,1,1,1,0,0,0,1,0,0,1,1,0,1,0,0,1,1,1
1017,2010,TF,A,0,N,N,N,N,AA,AA,AA,GG,CT,AC,1,0,1,0,1,0,0,1,1,1,1,1,1,1,0,0,0,2,0,0,1,1,0,0,0,0,1,1,1
1018,2010,TF,A,0,N,N,N,N,AT,TT,AA,GG,CC,CC,1,1,0,1,1,0,0,1,1,0,0,1,0,1,0,0,1,0,0,0,2,2,1,0,0,0,0,0,0
1019,2010,TF,A,1,Y,N,N,N,AA,AT,AA,GG,CT,AC,1,0,1,1,1,0,0,1,1,1,1,1,1,1,0,0,0,1,0,0,1,1,0,1,0,0,1,1,1
1020,2010,TF,A,0,N,N,N,N,AA,TT,AA,GG,CT,AC,1,0,0,1,1,0,0,1,1,1,1,1,1,1,0,0,0,0,0,0,1,1,0,0,0,0,1,1,1
1021,2010,TF,A,1,Y,N,N,N,AA,AT,AA,GG,TT,AC,1,0,1,1,1,0,0,1,0,1,1,1,1,1,0,0,0,1,0,0,0,1,0,1,0,0,0,1,1
1022,2010,TF,A,0,N,N,N,N,AA,AT,AA,GG,TT,AC,1,0,1,1,1,0,0,1,0,1,1,1,1,1,0,0,0,1,0,0,0,1,0,1,0,0,0,1,1
1023,2010,TF,A,0,N,N,N,N,AA,TT,AA,GG,CT,CC,1,0,0,1,1,0,0,1,1,1,0,1,0,1,0,0,0,0,0,0,1,2,0,0,0,0,1,0,0
1024,2010,TF,A,1,Y,N,N,N,AA,AT,AA,GG,TT,AA,1,0,1,1,1,0,0,1,0,1,1,0,1,0,0,0,0,1,0,0,0,0,0,1,0,0,0,0,0
1025,2010,TF,A,0,N,N,N,N,AA,AT,AA,GG,CT,AC,1,0,1,1,1,0,0,1,1,1,1,1,1,1,0,0,0,1,0,0,1,1,0,1,0,0,1,1,1
1026,2010,TF,A,1,Y,N,N,N,AA,TT,AA,GG,CT,AC,1,0,0,1,1,0,0,1,1,1,1,1,1,1,0,0,0,0,0,0,1,1,0,0,0,0,1,1,1
1027,2010,TF,J,0,N,N,N,N,AA,AT,AA,GG,CT,CC,1,0,1,1,1,0,0,1,1,1,0,1,0,1,0,0,0,1,0,0,1,2,0,1,0,0,1,0,0
1028,2010,TF,A,1,Y,N,N,N,AA,TT,AA,GG,CT,CC,1,0,0,1,1,0,0,1,1,1,0,1,0,1,0,0,0,0,0,0,1,2,0,0,0,0,1,0,0
1029,2010,TF,A,0,N,N,N,N,AA,AT,AA,GG,CT,AC,1,0,1,1,1,0,0,1,1,1,1,1,1,1,0,0,0,1,0,0,1,1,0,1,0,0,1,1,1
1030,2010,TF,A,1,Y,N,N,N,AA,AA,AA,GG,CC,CC,1,0,1,0,1,0,0,1,1,0,0,1,0,1,0,0,0,2,0,0,2,2,0,0,0,0,0,0,0
1031,2010,TF,A,1,Y,N,N,N,AA,TT,AA,GG,CT,AC,1,0,0,1,1,0,0,1,1,1,1,1,1,1,0,0,0,0,0,0,1,1,0,0,0,0,1,1,1
1032,2010,TF,A,1,Y,N,N,N,AA,AT,AA,GG,TT,AA,1,0,1,1,1,0,0,1,0,1,1,0,1,0,0,0,0,1,0,0,0,0,0,1,0,0,0,0,0
1033,2010,TF,A,0,N,N,N,N,AA,AA,AA,GG,CC,CC,1,0,1,0,1,0,0,1,1,0,0,1,0,1,0,0,0,2,0,0,2,2,0,0,0,0,0,0,0
1034,2010,TF,A,1,Y,N,N,N,AT,TT,AA,GG,CC,CC,1,1,0,1,1,0,0,1,1,0,0,1,0,1,0,0,1,0,0,0,2,2,1,0,0,0,0,0,0
1035,2010,TF,A,0,N,N,N,N,AT,AT,AA,GG,CT,AC,1,1,1,1,1,0,0,1,1,1,1,1,1,1,0,0,1,1,0,0,1,1,1,1,0,0,1,1,1
1036,2010,TF,J,0,N,N,N,N,AT,TT,AA,GG,CT,AC,1,1,0,1,1,0,0,1,1,1,1,1,1,1,0,0,1,0,0,0,1,1,1,0,0,0,1,1,1
1037,2010,TF,A,0,N,N,N,N,AA,TT,AA,GG,TT,AA,1,0,0,1,1,0,0,1,0,1,1,0,1,0,0,0,0,0,0,0,0,0,0,0,0,0,0,0,0
1038,2010,TF,J,0,N,N,N,N,AA,AT,AA,GG,CC,CC,1,0,1,1,1,0,0,1,1,0,0,1,0,1,0,0,0,1,0,0,2,2,0,1,0,0,0,0,0
1039,2010,TF,A,0,N,N,N,N,AA,TT,AA,GG,CT,AC,1,0,0,1,1,0,0,1,1,1,1,1,1,1,0,0,0,0,0,0,1,1,0,0,0,0,1,1,1
1040,2010,TF,A,1,Y,N,N,N,AA,AT,AA,GG,CC,CC,1,0,1,1,1,0,0,1,1,0,0,1,0,1,0,0,0,1,0,0,2,2,0,1,0,0,0,0,0
1041,2010,TF,A,0,N,N,N,N,AA,TT,AA,GG,CC,CC,1,0,0,1,1,0,0,1,1,0,0,1,0,1,0,0,0,0,0,0,2,2,0,0,0,0,0,0,0
1042,2010,TF,A,1,Y,N,N,N,AT,TT,AA,GG,CT,AC,1,1,0,1,1,0,0,1,1,1,1,1,1,1,0,0,1,0,0,0,1,1,1,0,0,0,1,1,1
1043,2010,TF,A,1,Y,N,N,N,AA,AA,AA,GG,CC,CC,1,0,1,0,1,0,0,1,1,0,0,1,0,1,0,0,0,2,0,0,2,2,0,0,0,0,0,0,0
1044,2010,TF,A,0,N,N,N,N,AA,AT,AA,GG,CT,CC,1,0,1,1,1,0,0,1,1,1,0,1,0,1,0,0,0,1,0,0,1,2,0,1,0,0,1,0,0
1045,2010,TF,A,1,Y,N,N,N,AA,AT,AA,GG,CT,AC,1,0,1,1,1,0,0,1,1,1,1,1,1,1,0,0,0,1,0,0,1,1,0,1,0,0,1,1,1
1046,2010,TF,A,1,Y,N,N,N,AA,AA,AA,GG,CT,AC,1,0,1,0,1,0,0,1,1,1,1,1,1,1,0,0,0,2,0,0,1,1,0,0,0,0,1,1,1
1047,2010,TF,A,0,N,N,N,N,AA,AT,AA,GG,CC,CC,1,0,1,1,1,0,0,1,1,0,0,1,0,1,0,0,0,1,0,0,2,2,0,1,0,0,0,0,0
1048,2010,TF,J,0,N,N,N,N,AA,AT,AA,GG,CT,AC,1,0,1,1,1,0,0,1,1,1,1,1,1,1,0,0,0,1,0,0,1,1,0,1,0,0,1,1,1
1049,2010,TF,A,0,N,N,N,N,AT,AT,AA,GG,TT,AA,1,1,1,1,1,0,0,1,0,1,1,0,1,0,0,0,1,1,0,0,0,0,1,1,0,0,0,0,0
1050,2010,TF,A,0,N,N,N,N,AT,AT,AA,GG,CT,CC,1,1,1,1,1,0,0,1,1,1,0,1,0,1,0,0,1,1,0,0,1,2,1,1,0,0,1,0,0
1051,2010,TF,A,0,N,N,N,N,AA,TT,AA,GG,CC,CC,1,0,0,1,1,0,0,1,1,0,0,1,0,1,0,0,0,0,0,0,2,2,0,0,0,0,0,0,0
1052,2010,TF,J,0,N,N,N,N,AA,AT,AA,GG,CT,CC,1,0,1,1,1,0,0,1,1,1,0,1,0,1,0,0,0,1,0,0,1,2,0,1,0,0,1,0,0
1053,2010,TF,A,0,N,N,N,N,AA,TT,AA,GG,CT,CC,1,0,0,1,1,0,0,1,1,1,0,1,0,1,0,0,0,0,0,0,1,2,0,0,0,0,1,0,0
1054,2010,TF,A,0,N,N,N,N,AT,AT,AA,GG,CC,CC,1,1,1,1,1,0,0,1,1,0,0,1,0,1,0,0,1,1,0,0,2,2,1,1,0,0,0,0,0
1101,2011,TF,A,0,N,N,N,N,TT,AT,AA,GG,CT,AC,0,1,1,1,1,0,0,1,1,1,1,1,1,1,0,0,2,1,0,0,1,1,0,1,0,0,1,1,1
1102,2011,TF,A,1,Y,N,N,N,AA,AA,AA,GG,TT,AC,1,0,1,0,1,0,0,1,0,1,1,1,1,1,0,0,0,2,0,0,0,1,0,0,0,0,0,1,1
1103,2011,TF,A,0,N,N,N,N,AA,AT,AA,GG,CT,AC,1,0,1,1,1,0,0,1,1,1,1,1,1,1,0,0,0,1,0,0,1,1,0,1,0,0,1,1,1
1104,2011,TF,A,0,N,N,N,N,TT,AT,AA,GG,CT,AC,0,1,1,1,1,0,0,1,1,1,1,1,1,1,0,0,2,1,0,0,1,1,0,1,0,0,1,1,1
1105,2011,TF,A,0,N,N,N,N,AA,AT,AA,GG,CT,CC,1,0,1,1,1,0,0,1,1,1,0,1,0,1,0,0,0,1,0,0,1,2,0,1,0,0,1,0,0
1106,2011,TF,A,0,N,N,N,N,AA,AT,AA,GG,CC,CC,1,0,1,1,1,0,0,1,1,0,0,1,0,1,0,0,0,1,0,0,2,2,0,1,0,0,0,0,0
1107,2011,TF,A,0,N,N,N,N,AA,AT,AA,GG,TT,AA,1,0,1,1,1,0,0,1,0,1,1,0,1,0,0,0,0,1,0,0,0,0,0,1,0,0,0,0,0
1108,2011,TF,A,0,N,N,N,N,AA,AA,AA,GG,CT,AC,1,0,1,0,1,0,0,1,1,1,1,1,1,1,0,0,0,2,0,0,1,1,0,0,0,0,1,1,1
1109,2011,TF,A,1,Y,N,N,N,AA,AA,AA,GG,TT,AC,1,0,1,0,1,0,0,1,0,1,1,1,1,1,0,0,0,2,0,0,0,1,0,0,0,0,0,1,1
1111,2011,TF,A,0,N,N,N,N,AT,TT,AA,GG,TT,CC,1,1,0,1,1,0,0,1,0,1,0,1,0,1,0,0,1,0,0,0,0,2,1,0,0,0,0,0,0
1112,2011,TF,A,1,Y,N,N,N,AT,AT,AA,GG,CC,CC,1,1,1,1,1,0,0,1,1,0,0,1,0,1,0,0,1,1,0,0,2,2,1,1,0,0,0,0,0
1113,2011,TF,A,0,N,N,N,N,AT,AT,AA,GG,CC,CC,1,1,1,1,1,0,0,1,1,0,0,1,0,1,0,0,1,1,0,0,2,2,1,1,0,0,0,0,0
1114,2011,TF,A,1,Y,N,N,N,AT,AT,AA,GG,CC,CC,1,1,1,1,1,0,0,1,1,0,0,1,0,1,0,0,1,1,0,0,2,2,1,1,0,0,0,0,0
1115,2011,TF,A,1,Y,N,N,N,AA,TT,AA,GG,CC,CC,1,0,0,1,1,0,0,1,1,0,0,1,0,1,0,0,0,0,0,0,2,2,0,0,0,0,0,0,0
1116,2011,TF,A,0,N,N,N,N,AA,AT,AA,GG,CC,CC,1,0,1,1,1,0,0,1,1,0,0,1,0,1,0,0,0,1,0,0,2,2,0,1,0,0,0,0,0
1117,2011,TF,A,0,N,N,N,N,AA,AT,AA,GG,CT,AC,1,0,1,1,1,0,0,1,1,1,1,1,1,1,0,0,0,1,0,0,1,1,0,1,0,0,1,1,1
1118,2011,TF,A,0,N,N,N,N,AA,AT,AA,GG,CC,CC,1,0,1,1,1,0,0,1,1,0,0,1,0,1,0,0,0,1,0,0,2,2,0,1,0,0,0,0,0
1119,2011,TF,A,1,Y,N,N,N,AA,TT,AA,GG,TT,AA,1,0,0,1,1,0,0,1,0,1,1,0,1,0,0,0,0,0,0,0,0,0,0,0,0,0,0,0,0
1120,2011,TF,A,0,N,N,N,N,AA,TT,AA,GG,CC,CC,1,0,0,1,1,0,0,1,1,0,0,1,0,1,0,0,0,0,0,0,2,2,0,0,0,0,0,0,0
1121,2011,TF,A,0,N,N,N,N,AA,AT,AA,GG,TT,AA,1,0,1,1,1,0,0,1,0,1,1,0,1,0,0,0,0,1,0,0,0,0,0,1,0,0,0,0,0
1122,2011,TF,A,0,N,N,N,N,TT,AA,AA,GG,CC,CC,0,1,1,0,1,0,0,1,1,0,0,1,0,1,0,0,2,2,0,0,2,2,0,0,0,0,0,0,0
1123,2011,TF,A,1,Y,N,N,N,AA,AA,AA,GG,CC,CC,1,0,1,0,1,0,0,1,1,0,0,1,0,1,0,0,0,2,0,0,2,2,0,0,0,0,0,0,0
1124,2011,TF,A,0,N,N,N,N,AA,AT,AA,GG,TT,AC,1,0,1,1,1,0,0,1,0,1,1,1,1,1,0,0,0,1,0,0,0,1,0,1,0,0,0,1,1
1125,2011,TF,A,0,N,N,N,N,AT,AT,AA,GG,TT,AA,1,1,1,1,1,0,0,1,0,1,1,0,1,0,0,0,1,1,0,0,0,0,1,1,0,0,0,0,0
1126,2011,TF,A,0,N,N,N,N,AA,AT,AA,GG,CT,AC,1,0,1,1,1,0,0,1,1,1,1,1,1,1,0,0,0,1,0,0,1,1,0,1,0,0,1,1,1
1127,2011,TF,A,0,N,N,N,N,AT,TT,AA,GG,TT,AC,1,1,0,1,1,0,0,1,0,1,1,1,1,1,0,0,1,0,0,0,0,1,1,0,0,0,0,1,1
1128,2011,TF,A,0,N,N,N,N,AA,AT,AA,GG,CC,CC,1,0,1,1,1,0,0,1,1,0,0,1,0,1,0,0,0,1,0,0,2,2,0,1,0,0,0,0,0
1129,2011,TF,A,1,Y,N,N,N,AT,AA,AA,GG,CT,AC,1,1,1,0,1,0,0,1,1,1,1,1,1,1,0,0,1,2,0,0,1,1,1,0,0,0,1,1,1
1130,2011,TF,A,0,N,N,N,N,AA,AA,AA,GG,CT,AC,1,0,1,0,1,0,0,1,1,1,1,1,1,1,0,0,0,2,0,0,1,1,0,0,0,0,1,1,1
1131,2011,TF,A,0,N,N,N,N,TT,AT,AA,GG,CT,AC,0,1,1,1,1,0,0,1,1,1,1,1,1,1,0,0,2,1,0,0,1,1,0,1,0,0,1,1,1
1132,2011,TF,A,0,N,N,N,N,AA,AT,AA,GG,CT,AC,1,0,1,1,1,0,0,1,1,1,1,1,1,1,0,0,0,1,0,0,1,1,0,1,0,0,1,1,1
1133,2011,TF,A,0,N,N,N,N,AT,TT,AA,GG,CC,CC,1,1,0,1,1,0,0,1,1,0,0,1,0,1,0,0,1,0,0,0,2,2,1,0,0,0,0,0,0
1134,2011,TF,A,1,Y,N,N,N,TT,AT,AA,GG,CT,AC,0,1,1,1,1,0,0,1,1,1,1,1,1,1,0,0,2,1,0,0,1,1,0,1,0,0,1,1,1
1135,2011,TF,A,0,N,N,N,N,AA,TT,AA,GG,CC,CC,1,0,0,1,1,0,0,1,1,0,0,1,0,1,0,0,0,0,0,0,2,2,0,0,0,0,0,0,0
1136,2011,TF,A,1,Y,N,N,N,AA,TT,AA,GG,CC,CC,1,0,0,1,1,0,0,1,1,0,0,1,0,1,0,0,0,0,0,0,2,2,0,0,0,0,0,0,0
1137,2011,TF,A,1,Y,N,N,N,AA,AT,AA,GG,CC,CC,1,0,1,1,1,0,0,1,1,0,0,1,0,1,0,0,0,1,0,0,2,2,0,1,0,0,0,0,0
1138,2011,TF,A,0,N,N,N,N,AT,TT,AA,GG,CT,CC,1,1,0,1,1,0,0,1,1,1,0,1,0,1,0,0,1,0,0,0,1,2,1,0,0,0,1,0,0
1139,2011,TF,A,1,Y,N,N,N,AA,AA,AA,GG,CC,CC,1,0,1,0,1,0,0,1,1,0,0,1,0,1,0,0,0,2,0,0,2,2,0,0,0,0,0,0,0
1140,2011,TF,A,0,N,N,N,N,AA,TT,AA,GG,CT,AC,1,0,0,1,1,0,0,1,1,1,1,1,1,1,0,0,0,0,0,0,1,1,0,0,0,0,1,1,1
1141,2011,TF,A,1,Y,N,N,N,AA,AA,AA,GG,CC,CC,1,0,1,0,1,0,0,1,1,0,0,1,0,1,0,0,0,2,0,0,2,2,0,0,0,0,0,0,0
1142,2011,TF,A,1,Y,N,N,N,AA,AT,AA,GG,CT,AC,1,0,1,1,1,0,0,1,1,1,1,1,1,1,0,0,0,1,0,0,1,1,0,1,0,0,1,1,1
1143,2011,TF,A,0,N,N,N,N,AA,AT,AA,GG,CT,AC,1,0,1,1,1,0,0,1,1,1,1,1,1,1,0,0,0,1,0,0,1,1,0,1,0,0,1,1,1
1144,2011,TF,A,1,Y,N,N,N,AA,TT,AA,GG,TT,AA,1,0,0,1,1,0,0,1,0,1,1,0,1,0,0,0,0,0,0,0,0,0,0,0,0,0,0,0,0
1145,2011,TF,A,0,N,N,N,N,AA,AT,AA,GG,TT,AC,1,0,1,1,1,0,0,1,0,1,1,1,1,1,0,0,0,1,0,0,0,1,0,1,0,0,0,1,1
1146,2011,TF,A,0,N,N,N,N,TT,AT,AA,GG,CT,AC,0,1,1,1,1,0,0,1,1,1,1,1,1,1,0,0,2,1,0,0,1,1,0,1,0,0,1,1,1
1147,2011,TF,A,0,N,N,N,N,AA,TT,AA,GG,CT,AC,1,0,0,1,1,0,0,1,1,1,1,1,1,1,0,0,0,0,0,0,1,1,0,0,0,0,1,1,1
1148,2011,TF,A,1,Y,N,N,N,AA,AT,AA,GG,CT,AC,1,0,1,1,1,0,0,1,1,1,1,1,1,1,0,0,0,1,0,0,1,1,0,1,0,0,1,1,1
1149,2011,TF,A,0,N,N,N,N,AA,TT,AA,GG,CT,AC,1,0,0,1,1,0,0,1,1,1,1,1,1,1,0,0,0,0,0,0,1,1,0,0,0,0,1,1,1
1150,2011,TF,A,1,Y,N,N,N,AA,TT,AA,GG,CT,CC,1,0,0,1,1,0,0,1,1,1,0,1,0,1,0,0,0,0,0,0,1,2,0,0,0,0,1,0,0
1151,2011,TF,A,1,Y,N,N,N,AT,AT,AA,GG,CC,CC,1,1,1,1,1,0,0,1,1,0,0,1,0,1,0,0,1,1,0,0,2,2,1,1,0,0,0,0,0
1152,2011,TF,A,1,Y,N,N,N,AA,AT,AA,GG,CT,AC,1,0,1,1,1,0,0,1,1,1,1,1,1,1,0,0,0,1,0,0,1,1,0,1,0,0,1,1,1
1153,2011,TF,A,1,Y,N,N,N,AA,TT,AA,GG,CT,AC,1,0,0,1,1,0,0,1,1,1,1,1,1,1,0,0,0,0,0,0,1,1,0,0,0,0,1,1,1
1154,2011,TF,A,0,N,N,N,N,AA,AT,AA,GG,CC,CC,1,0,1,1,1,0,0,1,1,0,0,1,0,1,0,0,0,1,0,0,2,2,0,1,0,0,0,0,0
1155,2011,TF,A,0,N,N,N,N,AA,AT,AA,GG,TT,AC,1,0,1,1,1,0,0,1,0,1,1,1,1,1,0,0,0,1,0,0,0,1,0,1,0,0,0,1,1
1156,2011,TF,A,1,Y,N,N,N,AA,AT,AA,GG,CC,CC,1,0,1,1,1,0,0,1,1,0,0,1,0,1,0,0,0,1,0,0,2,2,0,1,0,0,0,0,0
1157,2011,TF,A,1,Y,N,N,N,AA,AT,AA,GG,CC,CC,1,0,1,1,1,0,0,1,1,0,0,1,0,1,0,0,0,1,0,0,2,2,0,1,0,0,0,0,0
1158,2011,TF,A,1,Y,N,N,N,AA,AA,AA,GG,CC,CC,1,0,1,0,1,0,0,1,1,0,0,1,0,1,0,0,0,2,0,0,2,2,0,0,0,0,0,0,0
1159,2011,TF,A,1,Y,N,N,N,AA,AT,AA,GG,CT,AC,1,0,1,1,1,0,0,1,1,1,1,1,1,1,0,0,0,1,0,0,1,1,0,1,0,0,1,1,1
1160,2011,TF,A,1,Y,N,N,N,AA,TT,AA,GG,TT,AA,1,0,0,1,1,0,0,1,0,1,1,0,1,0,0,0,0,0,0,0,0,0,0,0,0,0,0,0,0
1161,2011,TF,A,1,Y,N,N,N,AA,AT,AA,GG,CT,CC,1,0,1,1,1,0,0,1,1,1,0,1,0,1,0,0,0,1,0,0,1,2,0,1,0,0,1,0,0
1162,2011,TF,A,1,Y,N,N,N,AA,TT,AA,GG,CT,AC,1,0,0,1,1,0,0,1,1,1,1,1,1,1,0,0,0,0,0,0,1,1,0,0,0,0,1,1,1
1163,2011,TF,A,0,N,N,N,N,AA,AT,AA,GG,CT,AC,1,0,1,1,1,0,0,1,1,1,1,1,1,1,0,0,0,1,0,0,1,1,0,1,0,0,1,1,1
1164,2011,TF,A,0,N,N,N,N,AA,TT,AA,GG,CT,CC,1,0,0,1,1,0,0,1,1,1,0,1,0,1,0,0,0,0,0,0,1,2,0,0,0,0,1,0,0
1165,2011,TF,A,0,N,N,N,N,AT,AA,AA,GG,CC,CC,1,1,1,0,1,0,0,1,1,0,0,1,0,1,0,0,1,2,0,0,2,2,1,0,0,0,0,0,0
1166,2011,TF,A,1,Y,N,N,N,AA,AA,AA,GG,CC,CC,1,0,1,0,1,0,0,1,1,0,0,1,0,1,0,0,0,2,0,0,2,2,0,0,0,0,0,0,0
1167,2011,TF,A,1,Y,N,N,N,AT,AA,AA,GG,CT,AC,1,1,1,0,1,0,0,1,1,1,1,1,1,1,0,0,1,2,0,0,1,1,1,0,0,0,1,1,1
1168,2011,TF,A,1,Y,N,N,N,AA,AT,AA,GG,CT,AC,1,0,1,1,1,0,0,1,1,1,1,1,1,1,0,0,0,1,0,0,1,1,0,1,0,0,1,1,1
1169,2011,TF,A,1,Y,N,N,N,AA,AA,AA,GG,CT,CC,1,0,1,0,1,0,0,1,1,1,0,1,0,1,0,0,0,2,0,0,1,2,0,0,0,0,1,0,0
1170,2011,TF,A,1,Y,N,N,N,AA,AT,AA,GG,CT,AC,1,0,1,1,1,0,0,1,1,1,1,1,1,1,0,0,0,1,0,0,1,1,0,1,0,0,1,1,1
1171,2011,TF,A,0,N,N,N,N,TT,TT,AA,GG,CC,CC,0,1,0,1,1,0,0,1,1,0,0,1,0,1,0,0,2,0,0,0,2,2,0,0,0,0,0,0,0
1172,2011,TF,A,1,Y,N,N,N,AA,AT,AA,GG,TT,AC,1,0,1,1,1,0,0,1,0,1,1,1,1,1,0,0,0,1,0,0,0,1,0,1,0,0,0,1,1
1173,2011,TF,A,1,Y,N,N,N,TT,AT,AA,GG,CC,CC,0,1,1,1,1,0,0,1,1,0,0,1,0,1,0,0,2,1,0,0,2,2,0,1,0,0,0,0,0
1174,2011,TF,A,1,Y,N,N,N,AT,AT,AA,GG,CC,CC,1,1,1,1,1,0,0,1,1,0,0,1,0,1,0,0,1,1,0,0,2,2,1,1,0,0,0,0,0
1175,2011,TF,A,0,N,N,N,N,AT,TT,AA,GG,CC,CC,1,1,0,1,1,0,0,1,1,0,0,1,0,1,0,0,1,0,0,0,2,2,1,0,0,0,0,0,0
1176,2011,TF,A,1,Y,N,N,N,AA,TT,AA,GG,CC,CC,1,0,0,1,1,0,0,1,1,0,0,1,0,1,0,0,0,0,0,0,2,2,0,0,0,0,0,0,0
1177,2011,TF,A,1,Y,N,N,N,AA,AT,AA,GG,CT,AC,1,0,1,1,1,0,0,1,1,1,1,1,1,1,0,0,0,1,0,0,1,1,0,1,0,0,1,1,1
1178,2011,TF,A,0,N,N,N,N,AA,TT,AA,GG,CT,AC,1,0,0,1,1,0,0,1,1,1,1,1,1,1,0,0,0,0,0,0,1,1,0,0,0,0,1,1,1
1179,2011,TF,A,0,N,N,N,N,AT,AT,AA,GG,CT,AC,1,1,1,1,1,0,0,1,1,1,1,1,1,1,0,0,1,1,0,0,1,1,1,1,0,0,1,1,1
1180,2011,TF,A,1,Y,N,N,N,AA,TT,AA,GG,CT,CC,1,0,0,1,1,0,0,1,1,1,0,1,0,1,0,0,0,0,0,0,1,2,0,0,0,0,1,0,0
1181,2011,TF,A,0,N,N,N,N,AA,TT,AA,GG,CT,CC,1,0,0,1,1,0,0,1,1,1,0,1,0,1,0,0,0,0,0,0,1,2,0,0,0,0,1,0,0
1182,2011,TF,A,1,Y,N,N,N,AA,AT,AA,GG,CC,CC,1,0,1,1,1,0,0,1,1,0,0,1,0,1,0,0,0,1,0,0,2,2,0,1,0,0,0,0,0
1183,2011,TF,A,0,N,N,N,N,AA,AA,AA,GG,CT,AC,1,0,1,0,1,0,0,1,1,1,1,1,1,1,0,0,0,2,0,0,1,1,0,0,0,0,1,1,1
1184,2011,TF,A,0,N,N,N,N,AT,AT,AA,GG,CT,CC,1,1,1,1,1,0,0,1,1,1,0,1,0,1,0,0,1,1,0,0,1,2,1,1,0,0,1,0,0
1185,2011,TF,A,0,N,N,N,N,AT,AT,AA,GG,CT,AC,1,1,1,1,1,0,0,1,1,1,1,1,1,1,0,0,1,1,0,0,1,1,1,1,0,0,1,1,1
1186,2011,TF,A,0,N,N,N,N,AA,AT,AA,GG,CT,AC,1,0,1,1,1,0,0,1,1,1,1,1,1,1,0,0,0,1,0,0,1,1,0,1,0,0,1,1,1
1187,2011,TF,A,1,Y,N,N,N,AT,AT,AA,GG,CC,CC,1,1,1,1,1,0,0,1,1,0,0,1,0,1,0,0,1,1,0,0,2,2,1,1,0,0,0,0,0
1188,2011,TF,A,0,N,N,N,N,AA,TT,AA,GG,CC,CC,1,0,0,1,1,0,0,1,1,0,0,1,0,1,0,0,0,0,0,0,2,2,0,0,0,0,0,0,0
1189,2011,TF,A,0,N,N,N,N,AA,AT,AA,GG,CT,CC,1,0,1,1,1,0,0,1,1,1,0,1,0,1,0,0,0,1,0,0,1,2,0,1,0,0,1,0,0
1190,2011,TF,A,1,Y,N,N,N,AA,AT,AA,GG,CC,CC,1,0,1,1,1,0,0,1,1,0,0,1,0,1,0,0,0,1,0,0,2,2,0,1,0,0,0,0,0
1191,2011,TF,A,1,Y,N,N,N,AT,TT,AA,GG,CT,AC,1,1,0,1,1,0,0,1,1,1,1,1,1,1,0,0,1,0,0,0,1,1,1,0,0,0,1,1,1
1192,2011,TF,A,1,Y,N,N,N,AT,AT,AA,GG,CT,AC,1,1,1,1,1,0,0,1,1,1,1,1,1,1,0,0,1,1,0,0,1,1,1,1,0,0,1,1,1
1193,2011,TF,A,1,Y,N,N,N,AA,AT,AA,GG,CT,CC,1,0,1,1,1,0,0,1,1,1,0,1,0,1,0,0,0,1,0,0,1,2,0,1,0,0,1,0,0
1194,2011,TF,A,1,Y,N,N,N,AT,TT,AA,GG,CC,CC,1,1,0,1,1,0,0,1,1,0,0,1,0,1,0,0,1,0,0,0,2,2,1,0,0,0,0,0,0
1195,2011,TF,A,0,N,N,N,N,AA,AT,AA,GG,CC,CC,1,0,1,1,1,0,0,1,1,0,0,1,0,1,0,0,0,1,0,0,2,2,0,1,0,0,0,0,0
1196,2011,TF,A,0,N,N,N,N,AA,AT,AA,GG,CT,AC,1,0,1,1,1,0,0,1,1,1,1,1,1,1,0,0,0,1,0,0,1,1,0,1,0,0,1,1,1
1197,2011,TF,A,1,Y,N,N,N,AA,TT,AA,GG,TT,AA,1,0,0,1,1,0,0,1,0,1,1,0,1,0,0,0,0,0,0,0,0,0,0,0,0,0,0,0,0
1198,2011,TF,A,1,Y,N,N,N,AT,TT,AA,GG,CT,AC,1,1,0,1,1,0,0,1,1,1,1,1,1,1,0,0,1,0,0,0,1,1,1,0,0,0,1,1,1
1199,2011,TF,A,1,Y,N,N,N,AA,AA,AA,GG,CT,AC,1,0,1,0,1,0,0,1,1,1,1,1,1,1,0,0,0,2,0,0,1,1,0,0,0,0,1,1,1
1200,2011,TF,A,0,N,N,N,N,AT,AT,AA,GG,CC,CC,1,1,1,1,1,0,0,1,1,0,0,1,0,1,0,0,1,1,0,0,2,2,1,1,0,0,0,0,0
1201,2011,TF,A,0,N,N,N,N,AT,TT,AA,GG,CT,CC,1,1,0,1,1,0,0,1,1,1,0,1,0,1,0,0,1,0,0,0,1,2,1,0,0,0,1,0,0
1202,2011,TF,A,0,N,N,N,N,AT,AA,AA,GG,TT,AC,1,1,1,0,1,0,0,1,0,1,1,1,1,1,0,0,1,2,0,0,0,1,1,0,0,0,0,1,1
1203,2011,TF,A,0,N,N,N,N,AA,AA,AA,GG,CT,AC,1,0,1,0,1,0,0,1,1,1,1,1,1,1,0,0,0,2,0,0,1,1,0,0,0,0,1,1,1
1204,2011,TF,A,0,N,N,N,N,AA,AT,AA,GG,CT,AC,1,0,1,1,1,0,0,1,1,1,1,1,1,1,0,0,0,1,0,0,1,1,0,1,0,0,1,1,1
1205,2011,TF,A,0,N,N,N,N,TT,AT,AA,GG,CT,AC,0,1,1,1,1,0,0,1,1,1,1,1,1,1,0,0,2,1,0,0,1,1,0,1,0,0,1,1,1
1206,2011,TF,A,0,N,N,N,N,AT,AA,AA,GG,TT,AC,1,1,1,0,1,0,0,1,0,1,1,1,1,1,0,0,1,2,0,0,0,1,1,0,0,0,0,1,1
1207,2011,TF,A,0,N,N,N,N,AA,TT,AA,GG,CT,CC,1,0,0,1,1,0,0,1,1,1,0,1,0,1,0,0,0,0,0,0,1,2,0,0,0,0,1,0,0
1208,2011,TF,A,0,N,N,N,N,AT,AA,AA,GG,CC,CC,1,1,1,0,1,0,0,1,1,0,0,1,0,1,0,0,1,2,0,0,2,2,1,0,0,0,0,0,0
1209,2011,TF,A,0,N,N,N,N,AT,AT,AA,GG,CC,CC,1,1,1,1,1,0,0,1,1,0,0,1,0,1,0,0,1,1,0,0,2,2,1,1,0,0,0,0,0
1210,2011,TF,A,1,Y,N,N,N,AT,AA,AA,GG,CC,CC,1,1,1,0,1,0,0,1,1,0,0,1,0,1,0,0,1,2,0,0,2,2,1,0,0,0,0,0,0
1211,2011,TF,A,1,Y,N,N,N,AA,NA,AA,GG,CT,NA,1,0,NA,NA,1,0,0,1,1,1,NA,NA,NA,NA,NA,NA,0,NA,0,0,1,NA,0,NA,0,0,1,NA,NA
1212,2011,TF,A,1,Y,N,N,N,AT,AT,AA,GG,CT,AC,1,1,1,1,1,0,0,1,1,1,1,1,1,1,0,0,1,1,0,0,1,1,1,1,0,0,1,1,1
1213,2011,TF,A,0,N,N,N,N,AT,AT,AA,GG,CC,CC,1,1,1,1,1,0,0,1,1,0,0,1,0,1,0,0,1,1,0,0,2,2,1,1,0,0,0,0,0
1214,2011,TF,A,1,Y,N,N,N,TT,TT,AA,GG,CC,CC,0,1,0,1,1,0,0,1,1,0,0,1,0,1,0,0,2,0,0,0,2,2,0,0,0,0,0,0,0
1215,2011,TF,A,1,N,Y,N,N,TT,TT,AA,GG,CC,CC,0,1,0,1,1,0,0,1,1,0,0,1,0,1,0,0,2,0,0,0,2,2,0,0,0,0,0,0,0
1216,2011,TF,A,1,Y,N,N,N,AA,AT,AA,GG,TT,AA,1,0,1,1,1,0,0,1,0,1,1,0,1,0,0,0,0,1,0,0,0,0,0,1,0,0,0,0,0
1217,2011,TF,A,0,N,N,N,N,AA,TT,AA,GG,CT,AC,1,0,0,1,1,0,0,1,1,1,1,1,1,1,0,0,0,0,0,0,1,1,0,0,0,0,1,1,1
1218,2011,TF,A,0,N,N,N,N,AA,AT,AA,GG,CT,NA,1,0,1,1,1,0,0,1,1,1,NA,NA,NA,NA,NA,NA,0,1,0,0,1,NA,0,1,0,0,1,NA,NA
1219,2011,TF,A,1,Y,N,N,N,AA,AT,AA,GG,CT,AC,1,0,1,1,1,0,0,1,1,1,1,1,1,1,0,0,0,1,0,0,1,1,0,1,0,0,1,1,1
1220,2011,TF,A,0,N,N,N,N,AA,AT,AA,GG,CT,AC,1,0,1,1,1,0,0,1,1,1,1,1,1,1,0,0,0,1,0,0,1,1,0,1,0,0,1,1,1
1221,2011,TF,A,0,N,N,N,N,AT,AA,AA,GG,CT,AC,1,1,1,0,1,0,0,1,1,1,1,1,1,1,0,0,1,2,0,0,1,1,1,0,0,0,1,1,1
1222,2011,TF,A,0,N,N,N,N,AA,TT,AA,GG,CT,AC,1,0,0,1,1,0,0,1,1,1,1,1,1,1,0,0,0,0,0,0,1,1,0,0,0,0,1,1,1
1223,2011,TF,A,1,Y,N,N,N,AT,TT,AA,GG,CT,CC,1,1,0,1,1,0,0,1,1,1,0,1,0,1,0,0,1,0,0,0,1,2,1,0,0,0,1,0,0
1224,2011,TF,A,0,N,N,N,N,AA,TT,AA,GG,CC,CC,1,0,0,1,1,0,0,1,1,0,0,1,0,1,0,0,0,0,0,0,2,2,0,0,0,0,0,0,0
1225,2011,TF,A,0,N,N,N,N,AA,AT,AA,GG,CT,NA,1,0,1,1,1,0,0,1,1,1,NA,NA,NA,NA,NA,NA,0,1,0,0,1,NA,0,1,0,0,1,NA,NA
1226,2011,TF,A,1,Y,N,N,N,TT,AT,AA,GG,CC,CC,0,1,1,1,1,0,0,1,1,0,0,1,0,1,0,0,2,1,0,0,2,2,0,1,0,0,0,0,0
1227,2011,TF,A,0,N,N,N,N,AT,AT,AA,GG,CT,AC,1,1,1,1,1,0,0,1,1,1,1,1,1,1,0,0,1,1,0,0,1,1,1,1,0,0,1,1,1
1228,2011,TF,A,0,N,N,N,N,AA,AT,AA,GG,CC,CC,1,0,1,1,1,0,0,1,1,0,0,1,0,1,0,0,0,1,0,0,2,2,0,1,0,0,0,0,0
1229,2011,TF,A,0,N,N,N,N,AA,AT,AA,GG,TT,AC,1,0,1,1,1,0,0,1,0,1,1,1,1,1,0,0,0,1,0,0,0,1,0,1,0,0,0,1,1
1230,2011,TF,A,0,N,N,N,N,AA,AT,AA,GG,CT,AC,1,0,1,1,1,0,0,1,1,1,1,1,1,1,0,0,0,1,0,0,1,1,0,1,0,0,1,1,1
1231,2011,TF,A,1,Y,N,N,N,AA,AT,AA,GG,CT,AC,1,0,1,1,1,0,0,1,1,1,1,1,1,1,0,0,0,1,0,0,1,1,0,1,0,0,1,1,1
1232,2011,TF,A,0,N,N,N,N,AA,TT,AA,GG,CT,AC,1,0,0,1,1,0,0,1,1,1,1,1,1,1,0,0,0,0,0,0,1,1,0,0,0,0,1,1,1
1233,2011,TF,A,0,N,N,N,N,AA,TT,AA,GG,CT,CC,1,0,0,1,1,0,0,1,1,1,0,1,0,1,0,0,0,0,0,0,1,2,0,0,0,0,1,0,0
1234,2011,TF,A,1,N,Y,N,N,AA,TT,AA,GG,TT,AA,1,0,0,1,1,0,0,1,0,1,1,0,1,0,0,0,0,0,0,0,0,0,0,0,0,0,0,0,0
1235,2011,TF,A,0,N,N,N,N,AA,AT,AA,GG,CT,AC,1,0,1,1,1,0,0,1,1,1,1,1,1,1,0,0,0,1,0,0,1,1,0,1,0,0,1,1,1
1236,2011,TF,A,1,N,Y,N,N,AT,AT,AA,GG,TT,AC,1,1,1,1,1,0,0,1,0,1,1,1,1,1,0,0,1,1,0,0,0,1,1,1,0,0,0,1,1
1237,2011,TF,A,0,N,N,N,N,AT,AT,AA,GG,CT,CC,1,1,1,1,1,0,0,1,1,1,0,1,0,1,0,0,1,1,0,0,1,2,1,1,0,0,1,0,0
1238,2011,TF,A,1,Y,N,N,N,AA,AT,AA,GG,CT,AC,1,0,1,1,1,0,0,1,1,1,1,1,1,1,0,0,0,1,0,0,1,1,0,1,0,0,1,1,1
1239,2011,TF,A,0,N,N,N,N,AA,AT,AA,GG,CT,CC,1,0,1,1,1,0,0,1,1,1,0,1,0,1,0,0,0,1,0,0,1,2,0,1,0,0,1,0,0
1240,2011,TF,A,1,Y,N,N,N,AA,TT,AA,GG,CC,CC,1,0,0,1,1,0,0,1,1,0,0,1,0,1,0,0,0,0,0,0,2,2,0,0,0,0,0,0,0
1241,2011,TF,A,1,Y,N,N,N,AT,AT,AA,GG,CC,CC,1,1,1,1,1,0,0,1,1,0,0,1,0,1,0,0,1,1,0,0,2,2,1,1,0,0,0,0,0
1242,2011,TF,A,0,N,N,N,N,AA,TT,AA,GG,CT,CC,1,0,0,1,1,0,0,1,1,1,0,1,0,1,0,0,0,0,0,0,1,2,0,0,0,0,1,0,0
1243,2011,TF,A,1,Y,N,N,N,AA,AT,AA,GG,CT,AC,1,0,1,1,1,0,0,1,1,1,1,1,1,1,0,0,0,1,0,0,1,1,0,1,0,0,1,1,1
1244,2011,TF,A,1,Y,N,N,N,AA,TT,AA,GG,CT,AC,1,0,0,1,1,0,0,1,1,1,1,1,1,1,0,0,0,0,0,0,1,1,0,0,0,0,1,1,1
1245,2011,TF,A,0,N,N,N,N,AA,TT,AA,GG,CT,CC,1,0,0,1,1,0,0,1,1,1,0,1,0,1,0,0,0,0,0,0,1,2,0,0,0,0,1,0,0
1246,2011,TF,A,0,N,N,N,N,AA,TT,AA,GG,CT,AC,1,0,0,1,1,0,0,1,1,1,1,1,1,1,0,0,0,0,0,0,1,1,0,0,0,0,1,1,1
1247,2011,TF,A,0,N,N,N,N,AA,TT,AA,GG,CT,AC,1,0,0,1,1,0,0,1,1,1,1,1,1,1,0,0,0,0,0,0,1,1,0,0,0,0,1,1,1
1248,2011,TF,A,0,N,N,N,N,AA,TT,AA,GG,TT,AC,1,0,0,1,1,0,0,1,0,1,1,1,1,1,0,0,0,0,0,0,0,1,0,0,0,0,0,1,1
1249,2011,TF,A,1,Y,N,N,N,AT,TT,AA,GG,CC,CC,1,1,0,1,1,0,0,1,1,0,0,1,0,1,0,0,1,0,0,0,2,2,1,0,0,0,0,0,0
1250,2011,TF,A,0,N,N,N,N,AA,AT,AA,GG,CC,CC,1,0,1,1,1,0,0,1,1,0,0,1,0,1,0,0,0,1,0,0,2,2,0,1,0,0,0,0,0
1251,2011,TF,A,1,Y,N,N,N,AA,AT,AA,GG,CC,CC,1,0,1,1,1,0,0,1,1,0,0,1,0,1,0,0,0,1,0,0,2,2,0,1,0,0,0,0,0
1252,2011,TF,A,1,Y,N,N,N,AA,TT,AA,GG,CT,AC,1,0,0,1,1,0,0,1,1,1,1,1,1,1,0,0,0,0,0,0,1,1,0,0,0,0,1,1,1
1253,2011,TF,A,1,Y,N,N,N,AA,TT,AA,GG,CC,CC,1,0,0,1,1,0,0,1,1,0,0,1,0,1,0,0,0,0,0,0,2,2,0,0,0,0,0,0,0
1254,2011,TF,A,1,Y,N,N,N,TT,AT,AA,GG,CT,AC,0,1,1,1,1,0,0,1,1,1,1,1,1,1,0,0,2,1,0,0,1,1,0,1,0,0,1,1,1
1255,2011,TF,A,1,Y,N,N,N,AA,AT,AA,GG,CT,AC,1,0,1,1,1,0,0,1,1,1,1,1,1,1,0,0,0,1,0,0,1,1,0,1,0,0,1,1,1
1256,2011,TF,A,0,N,N,N,N,AA,AT,AA,GG,CC,CC,1,0,1,1,1,0,0,1,1,0,0,1,0,1,0,0,0,1,0,0,2,2,0,1,0,0,0,0,0
1257,2011,TF,A,0,N,N,N,N,AA,TT,AA,GG,CC,CC,1,0,0,1,1,0,0,1,1,0,0,1,0,1,0,0,0,0,0,0,2,2,0,0,0,0,0,0,0
1258,2011,TF,A,1,N,N,Y,N,AT,AT,AA,GG,CC,CC,1,1,1,1,1,0,0,1,1,0,0,1,0,1,0,0,1,1,0,0,2,2,1,1,0,0,0,0,0
1259,2011,TF,A,0,N,N,N,N,AT,AT,AA,GG,TT,AA,1,1,1,1,1,0,0,1,0,1,1,0,1,0,0,0,1,1,0,0,0,0,1,1,0,0,0,0,0
1260,2011,TF,A,0,N,N,N,N,AT,AT,AA,GG,CT,AC,1,1,1,1,1,0,0,1,1,1,1,1,1,1,0,0,1,1,0,0,1,1,1,1,0,0,1,1,1
1261,2011,TF,A,0,N,N,N,N,AA,TT,AA,GG,CC,CC,1,0,0,1,1,0,0,1,1,0,0,1,0,1,0,0,0,0,0,0,2,2,0,0,0,0,0,0,0
1262,2011,TF,A,1,Y,N,N,N,AA,TT,AA,GG,CT,AC,1,0,0,1,1,0,0,1,1,1,1,1,1,1,0,0,0,0,0,0,1,1,0,0,0,0,1,1,1
1263,2011,TF,A,0,N,N,N,N,AT,TT,AA,GG,CC,CC,1,1,0,1,1,0,0,1,1,0,0,1,0,1,0,0,1,0,0,0,2,2,1,0,0,0,0,0,0
1264,2011,TF,A,0,N,N,N,N,AA,AA,AA,GG,CT,AC,1,0,1,0,1,0,0,1,1,1,1,1,1,1,0,0,0,2,0,0,1,1,0,0,0,0,1,1,1
1265,2011,TF,A,0,N,N,N,N,AA,TT,AA,GG,CC,CC,1,0,0,1,1,0,0,1,1,0,0,1,0,1,0,0,0,0,0,0,2,2,0,0,0,0,0,0,0
1266,2011,TF,A,0,N,N,N,N,AT,TT,AA,GG,TT,AA,1,1,0,1,1,0,0,1,0,1,1,0,1,0,0,0,1,0,0,0,0,0,1,0,0,0,0,0,0
1267,2011,TF,A,0,N,N,N,N,AT,AT,AA,GG,CT,AC,1,1,1,1,1,0,0,1,1,1,1,1,1,1,0,0,1,1,0,0,1,1,1,1,0,0,1,1,1
1268,2011,TF,A,1,Y,N,N,N,AT,TT,AA,GG,CT,AC,1,1,0,1,1,0,0,1,1,1,1,1,1,1,0,0,1,0,0,0,1,1,1,0,0,0,1,1,1
1269,2011,TF,A,0,N,N,N,N,AA,AT,AA,GG,CT,AC,1,0,1,1,1,0,0,1,1,1,1,1,1,1,0,0,0,1,0,0,1,1,0,1,0,0,1,1,1
1270,2011,TF,A,0,N,N,N,N,AT,AT,AA,GG,CC,CC,1,1,1,1,1,0,0,1,1,0,0,1,0,1,0,0,1,1,0,0,2,2,1,1,0,0,0,0,0
1271,2011,TF,A,0,N,N,N,N,AT,TT,AA,GG,TT,AA,1,1,0,1,1,0,0,1,0,1,1,0,1,0,0,0,1,0,0,0,0,0,1,0,0,0,0,0,0
1272,2011,TF,A,1,Y,N,N,N,AT,AT,AA,GG,CT,AC,1,1,1,1,1,0,0,1,1,1,1,1,1,1,0,0,1,1,0,0,1,1,1,1,0,0,1,1,1
1273,2011,TF,A,1,Y,N,N,N,AA,AT,AA,GG,CT,AC,1,0,1,1,1,0,0,1,1,1,1,1,1,1,0,0,0,1,0,0,1,1,0,1,0,0,1,1,1
1274,2011,TF,A,0,N,N,N,N,AA,TT,AA,GG,TT,AC,1,0,0,1,1,0,0,1,0,1,1,1,1,1,0,0,0,0,0,0,0,1,0,0,0,0,0,1,1
1275,2011,TF,A,1,Y,N,N,N,AT,TT,AA,GG,CT,AC,1,1,0,1,1,0,0,1,1,1,1,1,1,1,0,0,1,0,0,0,1,1,1,0,0,0,1,1,1
1276,2011,TF,A,0,N,N,N,N,AA,TT,AA,GG,CT,AC,1,0,0,1,1,0,0,1,1,1,1,1,1,1,0,0,0,0,0,0,1,1,0,0,0,0,1,1,1
1277,2011,TF,A,1,Y,N,N,N,AA,TT,AA,GG,CT,CC,1,0,0,1,1,0,0,1,1,1,0,1,0,1,0,0,0,0,0,0,1,2,0,0,0,0,1,0,0
1278,2011,TF,A,1,Y,N,N,N,AT,AA,AA,GG,CT,AC,1,1,1,0,1,0,0,1,1,1,1,1,1,1,0,0,1,2,0,0,1,1,1,0,0,0,1,1,1
1279,2011,TF,A,0,N,N,N,N,AT,AT,AA,GG,CC,CC,1,1,1,1,1,0,0,1,1,0,0,1,0,1,0,0,1,1,0,0,2,2,1,1,0,0,0,0,0
1280,2011,TF,A,1,Y,N,N,N,AT,TT,AA,GG,CT,AC,1,1,0,1,1,0,0,1,1,1,1,1,1,1,0,0,1,0,0,0,1,1,1,0,0,0,1,1,1
1281,2011,TF,A,0,N,N,N,N,AA,AA,AA,GG,TT,AA,1,0,1,0,1,0,0,1,0,1,1,0,1,0,0,0,0,2,0,0,0,0,0,0,0,0,0,0,0
1282,2011,TF,A,0,N,N,N,N,AA,AA,AA,GG,CT,AC,1,0,1,0,1,0,0,1,1,1,1,1,1,1,0,0,0,2,0,0,1,1,0,0,0,0,1,1,1
1283,2011,TF,A,0,N,N,N,N,AA,AT,AA,GG,CT,AC,1,0,1,1,1,0,0,1,1,1,1,1,1,1,0,0,0,1,0,0,1,1,0,1,0,0,1,1,1
1284,2011,TF,A,0,N,N,N,N,AT,AT,AA,GG,CC,CC,1,1,1,1,1,0,0,1,1,0,0,1,0,1,0,0,1,1,0,0,2,2,1,1,0,0,0,0,0
1285,2011,TF,A,0,N,N,N,N,AA,AT,AA,GG,TT,AA,1,0,1,1,1,0,0,1,0,1,1,0,1,0,0,0,0,1,0,0,0,0,0,1,0,0,0,0,0
1286,2011,TF,A,0,N,N,N,N,AA,AT,AA,GG,CT,AC,1,0,1,1,1,0,0,1,1,1,1,1,1,1,0,0,0,1,0,0,1,1,0,1,0,0,1,1,1
1287,2011,TF,A,0,N,N,N,N,AA,TT,AA,GG,CT,AC,1,0,0,1,1,0,0,1,1,1,1,1,1,1,0,0,0,0,0,0,1,1,0,0,0,0,1,1,1
1288,2011,TF,A,0,N,N,N,N,AA,AT,AA,GG,CT,AC,1,0,1,1,1,0,0,1,1,1,1,1,1,1,0,0,0,1,0,0,1,1,0,1,0,0,1,1,1
1289,2011,TF,A,0,N,N,N,N,AA,TT,AA,GG,CT,AC,1,0,0,1,1,0,0,1,1,1,1,1,1,1,0,0,0,0,0,0,1,1,0,0,0,0,1,1,1
1290,2011,TF,A,0,N,N,N,N,AA,AT,AA,GG,CC,CC,1,0,1,1,1,0,0,1,1,0,0,1,0,1,0,0,0,1,0,0,2,2,0,1,0,0,0,0,0
1291,2011,TF,A,1,Y,N,N,N,AA,AA,AA,GG,CC,CC,1,0,1,0,1,0,0,1,1,0,0,1,0,1,0,0,0,2,0,0,2,2,0,0,0,0,0,0,0
1292,2011,TF,A,1,Y,N,N,N,AT,TT,AA,GG,TT,AC,1,1,0,1,1,0,0,1,0,1,1,1,1,1,0,0,1,0,0,0,0,1,1,0,0,0,0,1,1
1293,2011,TF,A,0,N,N,N,N,AA,AT,AA,GG,CC,CC,1,0,1,1,1,0,0,1,1,0,0,1,0,1,0,0,0,1,0,0,2,2,0,1,0,0,0,0,0
1294,2011,TF,A,1,Y,N,N,N,AA,AT,AA,GG,CT,AC,1,0,1,1,1,0,0,1,1,1,1,1,1,1,0,0,0,1,0,0,1,1,0,1,0,0,1,1,1
1295,2011,TF,A,0,N,N,N,N,AA,AT,AA,GG,CC,CC,1,0,1,1,1,0,0,1,1,0,0,1,0,1,0,0,0,1,0,0,2,2,0,1,0,0,0,0,0
1296,2011,TF,A,1,Y,N,N,N,AA,TT,AA,GG,TT,NA,1,0,0,1,1,0,0,1,0,1,NA,NA,NA,NA,NA,NA,0,0,0,0,0,NA,0,0,0,0,0,NA,NA
1297,2011,TF,A,0,N,N,N,N,AA,AT,AA,GG,CC,CC,1,0,1,1,1,0,0,1,1,0,0,1,0,1,0,0,0,1,0,0,2,2,0,1,0,0,0,0,0
1298,2011,TF,A,1,Y,N,N,N,AA,AT,AA,GG,CC,CC,1,0,1,1,1,0,0,1,1,0,0,1,0,1,0,0,0,1,0,0,2,2,0,1,0,0,0,0,0
1299,2011,TF,A,0,N,N,N,N,AA,AT,AA,GG,CT,AC,1,0,1,1,1,0,0,1,1,1,1,1,1,1,0,0,0,1,0,0,1,1,0,1,0,0,1,1,1
1300,2011,TF,A,0,N,N,N,N,AA,AT,AA,GG,CC,CC,1,0,1,1,1,0,0,1,1,0,0,1,0,1,0,0,0,1,0,0,2,2,0,1,0,0,0,0,0
1301,2011,TF,A,0,N,N,N,N,AA,AT,AA,GG,CT,AC,1,0,1,1,1,0,0,1,1,1,1,1,1,1,0,0,0,1,0,0,1,1,0,1,0,0,1,1,1
1302,2011,TF,A,1,Y,N,N,N,AA,AT,AA,GG,CT,CC,1,0,1,1,1,0,0,1,1,1,0,1,0,1,0,0,0,1,0,0,1,2,0,1,0,0,1,0,0
1303,2011,TF,A,0,N,N,N,N,AA,AA,AA,GG,CT,AC,1,0,1,0,1,0,0,1,1,1,1,1,1,1,0,0,0,2,0,0,1,1,0,0,0,0,1,1,1
1304,2011,TF,A,1,Y,N,N,N,AT,NA,AA,GG,TT,CC,1,1,NA,NA,1,0,0,1,0,1,0,1,0,1,0,0,1,NA,0,0,0,2,1,NA,0,0,0,0,0
1305,2011,TF,A,1,Y,N,N,N,AT,AT,AA,GG,CT,CC,1,1,1,1,1,0,0,1,1,1,0,1,0,1,0,0,1,1,0,0,1,2,1,1,0,0,1,0,0
1306,2011,TF,A,0,N,N,N,N,AA,AT,AA,GG,CC,CC,1,0,1,1,1,0,0,1,1,0,0,1,0,1,0,0,0,1,0,0,2,2,0,1,0,0,0,0,0
1307,2011,TF,A,1,Y,N,N,N,AA,AT,AA,GG,CC,CC,1,0,1,1,1,0,0,1,1,0,0,1,0,1,0,0,0,1,0,0,2,2,0,1,0,0,0,0,0
1308,2011,TF,A,1,Y,N,N,N,AA,AA,AA,GG,CC,CC,1,0,1,0,1,0,0,1,1,0,0,1,0,1,0,0,0,2,0,0,2,2,0,0,0,0,0,0,0
1309,2011,TF,A,0,N,N,N,N,AA,AT,AA,GG,CT,AC,1,0,1,1,1,0,0,1,1,1,1,1,1,1,0,0,0,1,0,0,1,1,0,1,0,0,1,1,1
1310,2011,TF,A,1,Y,N,N,N,TT,AA,AA,GG,CC,CC,0,1,1,0,1,0,0,1,1,0,0,1,0,1,0,0,2,2,0,0,2,2,0,0,0,0,0,0,0
1311,2011,TF,A,1,Y,N,N,N,AA,AA,AA,GG,CC,CC,1,0,1,0,1,0,0,1,1,0,0,1,0,1,0,0,0,2,0,0,2,2,0,0,0,0,0,0,0
1312,2011,TF,A,1,Y,N,N,N,AT,AA,AA,GG,CC,CC,1,1,1,0,1,0,0,1,1,0,0,1,0,1,0,0,1,2,0,0,2,2,1,0,0,0,0,0,0
1313,2011,TF,A,0,N,N,N,N,AA,TT,AA,GG,CC,CC,1,0,0,1,1,0,0,1,1,0,0,1,0,1,0,0,0,0,0,0,2,2,0,0,0,0,0,0,0
1314,2011,TF,A,0,N,N,N,N,AA,AA,AA,GG,TT,AA,1,0,1,0,1,0,0,1,0,1,1,0,1,0,0,0,0,2,0,0,0,0,0,0,0,0,0,0,0
1315,2011,TF,A,0,N,N,N,N,AA,TT,AA,GG,CC,CC,1,0,0,1,1,0,0,1,1,0,0,1,0,1,0,0,0,0,0,0,2,2,0,0,0,0,0,0,0
1316,2011,TF,A,1,Y,N,N,N,TT,AT,AA,GG,CC,CC,0,1,1,1,1,0,0,1,1,0,0,1,0,1,0,0,2,1,0,0,2,2,0,1,0,0,0,0,0
1317,2011,TF,A,1,Y,N,N,N,AA,AT,AA,GG,CC,CC,1,0,1,1,1,0,0,1,1,0,0,1,0,1,0,0,0,1,0,0,2,2,0,1,0,0,0,0,0
1318,2011,TF,A,1,Y,N,N,N,AA,TT,AA,GG,CC,CC,1,0,0,1,1,0,0,1,1,0,0,1,0,1,0,0,0,0,0,0,2,2,0,0,0,0,0,0,0
1319,2011,TF,A,1,Y,N,N,N,AA,AT,AA,GG,CT,AC,1,0,1,1,1,0,0,1,1,1,1,1,1,1,0,0,0,1,0,0,1,1,0,1,0,0,1,1,1
1320,2011,TF,A,1,Y,N,N,N,AA,AT,AA,GG,CC,CC,1,0,1,1,1,0,0,1,1,0,0,1,0,1,0,0,0,1,0,0,2,2,0,1,0,0,0,0,0
1321,2011,TF,A,0,N,N,N,N,AT,AT,AA,GG,CC,CC,1,1,1,1,1,0,0,1,1,0,0,1,0,1,0,0,1,1,0,0,2,2,1,1,0,0,0,0,0
1322,2011,TF,A,1,Y,N,N,N,AA,AA,AA,GG,CT,CC,1,0,1,0,1,0,0,1,1,1,0,1,0,1,0,0,0,2,0,0,1,2,0,0,0,0,1,0,0
1323,2011,TF,A,1,Y,N,N,N,AA,TT,AA,GG,TT,AA,1,0,0,1,1,0,0,1,0,1,1,0,1,0,0,0,0,0,0,0,0,0,0,0,0,0,0,0,0
1324,2011,TF,A,1,Y,N,N,N,AT,TT,AA,GG,CC,CC,1,1,0,1,1,0,0,1,1,0,0,1,0,1,0,0,1,0,0,0,2,2,1,0,0,0,0,0,0
1325,2011,TF,A,1,Y,N,N,N,AT,TT,AA,GG,TT,AC,1,1,0,1,1,0,0,1,0,1,1,1,1,1,0,0,1,0,0,0,0,1,1,0,0,0,0,1,1
1326,2011,TF,A,1,Y,N,N,N,AT,AT,AA,GG,TT,CC,1,1,1,1,1,0,0,1,0,1,0,1,0,1,0,0,1,1,0,0,0,2,1,1,0,0,0,0,0
1327,2011,TF,A,1,Y,N,N,N,AA,TT,AA,GG,CT,AC,1,0,0,1,1,0,0,1,1,1,1,1,1,1,0,0,0,0,0,0,1,1,0,0,0,0,1,1,1
1328,2011,TF,A,0,N,N,N,N,AA,TT,AA,GG,TT,AA,1,0,0,1,1,0,0,1,0,1,1,0,1,0,0,0,0,0,0,0,0,0,0,0,0,0,0,0,0
1329,2011,TF,A,0,N,N,N,N,AA,TT,AA,GG,TT,AC,1,0,0,1,1,0,0,1,0,1,1,1,1,1,0,0,0,0,0,0,0,1,0,0,0,0,0,1,1
1330,2011,TF,A,0,N,N,N,N,AT,AA,AA,GG,CT,AC,1,1,1,0,1,0,0,1,1,1,1,1,1,1,0,0,1,2,0,0,1,1,1,0,0,0,1,1,1
1331,2011,TF,A,0,N,N,N,N,AT,TT,AA,GG,CT,AC,1,1,0,1,1,0,0,1,1,1,1,1,1,1,0,0,1,0,0,0,1,1,1,0,0,0,1,1,1
1332,2011,TF,A,0,N,N,N,N,AA,AA,AA,GG,CC,CC,1,0,1,0,1,0,0,1,1,0,0,1,0,1,0,0,0,2,0,0,2,2,0,0,0,0,0,0,0
1333,2011,TF,A,0,N,N,N,N,AA,AA,AA,GG,CT,AC,1,0,1,0,1,0,0,1,1,1,1,1,1,1,0,0,0,2,0,0,1,1,0,0,0,0,1,1,1
1334,2011,TF,A,0,N,N,N,N,AA,AT,AA,GG,CT,AC,1,0,1,1,1,0,0,1,1,1,1,1,1,1,0,0,0,1,0,0,1,1,0,1,0,0,1,1,1
1335,2011,TF,A,0,N,N,N,N,AA,AT,AA,GG,CC,CC,1,0,1,1,1,0,0,1,1,0,0,1,0,1,0,0,0,1,0,0,2,2,0,1,0,0,0,0,0
1336,2011,TF,A,0,N,N,N,N,AT,TT,AA,GG,CT,CC,1,1,0,1,1,0,0,1,1,1,0,1,0,1,0,0,1,0,0,0,1,2,1,0,0,0,1,0,0
1337,2011,TF,A,0,N,N,N,N,AA,TT,AA,GG,CT,AC,1,0,0,1,1,0,0,1,1,1,1,1,1,1,0,0,0,0,0,0,1,1,0,0,0,0,1,1,1
1338,2011,TF,A,1,Y,N,N,N,AA,AT,AA,GG,CT,AC,1,0,1,1,1,0,0,1,1,1,1,1,1,1,0,0,0,1,0,0,1,1,0,1,0,0,1,1,1
1339,2011,TF,A,0,N,N,N,N,AA,AT,AA,GG,CT,AC,1,0,1,1,1,0,0,1,1,1,1,1,1,1,0,0,0,1,0,0,1,1,0,1,0,0,1,1,1
1340,2011,TF,A,0,N,N,N,N,AA,AA,AA,GG,CC,CC,1,0,1,0,1,0,0,1,1,0,0,1,0,1,0,0,0,2,0,0,2,2,0,0,0,0,0,0,0
1341,2011,TF,A,0,N,N,N,N,AA,AT,AA,GG,CC,CC,1,0,1,1,1,0,0,1,1,0,0,1,0,1,0,0,0,1,0,0,2,2,0,1,0,0,0,0,0
1342,2011,TF,A,0,N,N,N,N,AT,AT,AA,GG,CT,CC,1,1,1,1,1,0,0,1,1,1,0,1,0,1,0,0,1,1,0,0,1,2,1,1,0,0,1,0,0
1343,2011,TF,A,0,N,N,N,N,AA,AA,AA,GG,TT,AA,1,0,1,0,1,0,0,1,0,1,1,0,1,0,0,0,0,2,0,0,0,0,0,0,0,0,0,0,0
1344,2011,TF,A,0,N,N,N,N,AA,AT,AA,GG,TT,AC,1,0,1,1,1,0,0,1,0,1,1,1,1,1,0,0,0,1,0,0,0,1,0,1,0,0,0,1,1
1345,2011,TF,A,0,N,N,N,N,AA,TT,AA,GG,CT,AC,1,0,0,1,1,0,0,1,1,1,1,1,1,1,0,0,0,0,0,0,1,1,0,0,0,0,1,1,1
1346,2011,TF,A,0,N,N,N,N,AA,TT,AA,GG,CT,CC,1,0,0,1,1,0,0,1,1,1,0,1,0,1,0,0,0,0,0,0,1,2,0,0,0,0,1,0,0
1347,2011,TF,A,0,N,N,N,N,AA,AT,AA,GG,CT,AC,1,0,1,1,1,0,0,1,1,1,1,1,1,1,0,0,0,1,0,0,1,1,0,1,0,0,1,1,1
1348,2011,TF,A,0,N,N,N,N,AA,AA,AA,GG,CT,AC,1,0,1,0,1,0,0,1,1,1,1,1,1,1,0,0,0,2,0,0,1,1,0,0,0,0,1,1,1
1349,2011,TF,A,0,N,N,N,N,AA,AT,AA,GG,CT,AC,1,0,1,1,1,0,0,1,1,1,1,1,1,1,0,0,0,1,0,0,1,1,0,1,0,0,1,1,1
1350,2011,TF,A,0,N,N,N,N,AA,AA,AA,GG,CT,CC,1,0,1,0,1,0,0,1,1,1,0,1,0,1,0,0,0,2,0,0,1,2,0,0,0,0,1,0,0
1351,2011,TF,A,0,N,N,N,N,AA,AT,AA,GG,CT,AC,1,0,1,1,1,0,0,1,1,1,1,1,1,1,0,0,0,1,0,0,1,1,0,1,0,0,1,1,1
1352,2011,TF,A,0,N,N,N,N,AA,TT,AA,GG,TT,AA,1,0,0,1,1,0,0,1,0,1,1,0,1,0,0,0,0,0,0,0,0,0,0,0,0,0,0,0,0
1353,2011,TF,A,0,N,N,N,N,AT,AT,AA,GG,CC,CC,1,1,1,1,1,0,0,1,1,0,0,1,0,1,0,0,1,1,0,0,2,2,1,1,0,0,0,0,0
1354,2011,TF,A,0,N,N,N,N,AT,AT,AA,GG,TT,AC,1,1,1,1,1,0,0,1,0,1,1,1,1,1,0,0,1,1,0,0,0,1,1,1,0,0,0,1,1
1355,2011,TF,A,0,N,N,N,N,AA,TT,AA,GG,CT,AC,1,0,0,1,1,0,0,1,1,1,1,1,1,1,0,0,0,0,0,0,1,1,0,0,0,0,1,1,1
1356,2011,TF,A,1,Y,N,N,N,AA,AT,AA,GG,CC,CC,1,0,1,1,1,0,0,1,1,0,0,1,0,1,0,0,0,1,0,0,2,2,0,1,0,0,0,0,0
1357,2011,TF,A,1,Y,N,N,N,AT,TT,AA,GG,CC,CC,1,1,0,1,1,0,0,1,1,0,0,1,0,1,0,0,1,0,0,0,2,2,1,0,0,0,0,0,0
1358,2011,TF,A,0,N,N,N,N,AA,AA,AA,GG,CC,CC,1,0,1,0,1,0,0,1,1,0,0,1,0,1,0,0,0,2,0,0,2,2,0,0,0,0,0,0,0
1359,2011,TF,A,0,N,N,N,N,AA,TT,AA,GG,CT,AC,1,0,0,1,1,0,0,1,1,1,1,1,1,1,0,0,0,0,0,0,1,1,0,0,0,0,1,1,1
1360,2011,TF,A,0,N,N,N,N,AT,AT,AA,GG,TT,AC,1,1,1,1,1,0,0,1,0,1,1,1,1,1,0,0,1,1,0,0,0,1,1,1,0,0,0,1,1
1361,2011,TF,A,1,Y,N,N,N,AT,AA,AA,GG,CT,AC,1,1,1,0,1,0,0,1,1,1,1,1,1,1,0,0,1,2,0,0,1,1,1,0,0,0,1,1,1
1362,2011,TF,A,0,N,N,N,N,AA,AA,AA,GG,CT,AC,1,0,1,0,1,0,0,1,1,1,1,1,1,1,0,0,0,2,0,0,1,1,0,0,0,0,1,1,1
1363,2011,TF,A,0,N,N,N,N,AA,TT,AA,GG,CT,AC,1,0,0,1,1,0,0,1,1,1,1,1,1,1,0,0,0,0,0,0,1,1,0,0,0,0,1,1,1
1364,2011,TF,A,0,N,N,N,N,AA,AT,AA,GG,CT,CC,1,0,1,1,1,0,0,1,1,1,0,1,0,1,0,0,0,1,0,0,1,2,0,1,0,0,1,0,0
1365,2011,TF,A,1,Y,N,N,N,AA,AA,AA,GG,CT,CC,1,0,1,0,1,0,0,1,1,1,0,1,0,1,0,0,0,2,0,0,1,2,0,0,0,0,1,0,0
1366,2011,TF,A,0,N,N,N,N,AA,AA,AA,GG,TT,AC,1,0,1,0,1,0,0,1,0,1,1,1,1,1,0,0,0,2,0,0,0,1,0,0,0,0,0,1,1
1367,2011,TF,A,1,Y,N,N,N,AT,TT,AA,GG,TT,AA,1,1,0,1,1,0,0,1,0,1,1,0,1,0,0,0,1,0,0,0,0,0,1,0,0,0,0,0,0
1368,2011,TF,A,0,N,N,N,N,AA,TT,AA,GG,CT,AC,1,0,0,1,1,0,0,1,1,1,1,1,1,1,0,0,0,0,0,0,1,1,0,0,0,0,1,1,1
1369,2011,TF,A,1,Y,N,N,N,AT,AT,AA,GG,TT,AA,1,1,1,1,1,0,0,1,0,1,1,0,1,0,0,0,1,1,0,0,0,0,1,1,0,0,0,0,0
1370,2011,TF,A,0,N,N,N,N,AA,AT,AA,GG,CC,CC,1,0,1,1,1,0,0,1,1,0,0,1,0,1,0,0,0,1,0,0,2,2,0,1,0,0,0,0,0
1371,2011,TF,A,0,N,N,N,N,AA,AT,AA,GG,TT,AA,1,0,1,1,1,0,0,1,0,1,1,0,1,0,0,0,0,1,0,0,0,0,0,1,0,0,0,0,0
1372,2011,TF,A,0,N,N,N,N,AA,AT,AA,GG,CC,CC,1,0,1,1,1,0,0,1,1,0,0,1,0,1,0,0,0,1,0,0,2,2,0,1,0,0,0,0,0
1373,2011,TF,A,0,N,N,N,N,AA,AT,AA,GG,CT,AC,1,0,1,1,1,0,0,1,1,1,1,1,1,1,0,0,0,1,0,0,1,1,0,1,0,0,1,1,1
1374,2011,TF,A,0,N,N,N,N,AA,AA,AA,GG,CT,AC,1,0,1,0,1,0,0,1,1,1,1,1,1,1,0,0,0,2,0,0,1,1,0,0,0,0,1,1,1
1375,2011,TF,A,0,N,N,N,N,TT,AT,AA,GG,CT,AC,0,1,1,1,1,0,0,1,1,1,1,1,1,1,0,0,2,1,0,0,1,1,0,1,0,0,1,1,1
1376,2011,TF,A,0,N,N,N,N,AA,TT,AA,GG,TT,AC,1,0,0,1,1,0,0,1,0,1,1,1,1,1,0,0,0,0,0,0,0,1,0,0,0,0,0,1,1
1377,2011,TF,A,0,N,N,N,N,AT,AT,AA,GG,CT,AC,1,1,1,1,1,0,0,1,1,1,1,1,1,1,0,0,1,1,0,0,1,1,1,1,0,0,1,1,1
1378,2011,TF,A,0,N,N,N,N,AA,AT,AA,GG,CT,CC,1,0,1,1,1,0,0,1,1,1,0,1,0,1,0,0,0,1,0,0,1,2,0,1,0,0,1,0,0
1379,2011,TF,A,0,N,N,N,N,AT,AT,AA,GG,CC,CC,1,1,1,1,1,0,0,1,1,0,0,1,0,1,0,0,1,1,0,0,2,2,1,1,0,0,0,0,0
1380,2011,TF,A,0,N,N,N,N,AA,AT,AA,GG,CC,CC,1,0,1,1,1,0,0,1,1,0,0,1,0,1,0,0,0,1,0,0,2,2,0,1,0,0,0,0,0
1381,2011,TF,A,0,N,N,N,N,AA,TT,AA,GG,CC,CC,1,0,0,1,1,0,0,1,1,0,0,1,0,1,0,0,0,0,0,0,2,2,0,0,0,0,0,0,0
1382,2011,TF,A,1,N,Y,N,N,AA,TT,AA,GG,CT,AC,1,0,0,1,1,0,0,1,1,1,1,1,1,1,0,0,0,0,0,0,1,1,0,0,0,0,1,1,1
1383,2011,TF,A,1,Y,N,N,N,AA,AT,AA,GG,CC,CC,1,0,1,1,1,0,0,1,1,0,0,1,0,1,0,0,0,1,0,0,2,2,0,1,0,0,0,0,0
1384,2011,TF,A,0,N,N,N,N,AT,TT,AA,GG,CT,AC,1,1,0,1,1,0,0,1,1,1,1,1,1,1,0,0,1,0,0,0,1,1,1,0,0,0,1,1,1
1385,2011,TF,A,0,N,N,N,N,AA,AA,AA,GG,CC,CC,1,0,1,0,1,0,0,1,1,0,0,1,0,1,0,0,0,2,0,0,2,2,0,0,0,0,0,0,0
1386,2011,TF,A,0,N,N,N,N,AA,AT,AA,GG,CT,AC,1,0,1,1,1,0,0,1,1,1,1,1,1,1,0,0,0,1,0,0,1,1,0,1,0,0,1,1,1
1387,2011,TF,A,0,N,N,N,N,AT,TT,AA,GG,CC,CC,1,1,0,1,1,0,0,1,1,0,0,1,0,1,0,0,1,0,0,0,2,2,1,0,0,0,0,0,0
1388,2011,TF,A,0,N,N,N,N,TT,AT,AA,GG,CC,CC,0,1,1,1,1,0,0,1,1,0,0,1,0,1,0,0,2,1,0,0,2,2,0,1,0,0,0,0,0
1389,2011,TF,A,0,N,N,N,N,AA,AA,AA,GG,TT,AA,1,0,1,0,1,0,0,1,0,1,1,0,1,0,0,0,0,2,0,0,0,0,0,0,0,0,0,0,0
1390,2011,TF,A,0,N,N,N,N,AA,AT,AA,GG,CT,AC,1,0,1,1,1,0,0,1,1,1,1,1,1,1,0,0,0,1,0,0,1,1,0,1,0,0,1,1,1
1391,2011,TF,A,0,N,N,N,N,AA,AA,AA,GG,CT,CC,1,0,1,0,1,0,0,1,1,1,0,1,0,1,0,0,0,2,0,0,1,2,0,0,0,0,1,0,0
1392,2011,TF,A,0,N,N,N,N,TT,TT,AA,GG,CC,CC,0,1,0,1,1,0,0,1,1,0,0,1,0,1,0,0,2,0,0,0,2,2,0,0,0,0,0,0,0
1393,2011,TF,A,1,N,Y,N,N,AA,AT,AA,GG,CC,CC,1,0,1,1,1,0,0,1,1,0,0,1,0,1,0,0,0,1,0,0,2,2,0,1,0,0,0,0,0
1394,2011,TF,A,0,N,N,N,N,AA,AA,AA,GG,CC,CC,1,0,1,0,1,0,0,1,1,0,0,1,0,1,0,0,0,2,0,0,2,2,0,0,0,0,0,0,0
1395,2011,TF,A,0,N,N,N,N,AA,AT,AA,GG,CT,AC,1,0,1,1,1,0,0,1,1,1,1,1,1,1,0,0,0,1,0,0,1,1,0,1,0,0,1,1,1
1396,2011,TF,A,0,N,N,N,N,AT,AA,AA,GG,CT,AC,1,1,1,0,1,0,0,1,1,1,1,1,1,1,0,0,1,2,0,0,1,1,1,0,0,0,1,1,1
1397,2011,TF,A,0,N,N,N,N,AT,AA,AA,GG,CT,AC,1,1,1,0,1,0,0,1,1,1,1,1,1,1,0,0,1,2,0,0,1,1,1,0,0,0,1,1,1
1398,2011,TF,A,0,N,N,N,N,AT,TT,AA,GG,CT,AC,1,1,0,1,1,0,0,1,1,1,1,1,1,1,0,0,1,0,0,0,1,1,1,0,0,0,1,1,1
1399,2011,TF,A,1,N,N,Y,N,AA,AA,AA,GG,TT,AA,1,0,1,0,1,0,0,1,0,1,1,0,1,0,0,0,0,2,0,0,0,0,0,0,0,0,0,0,0
1400,2011,TF,A,0,N,N,N,N,AA,AT,AA,GG,CT,AC,1,0,1,1,1,0,0,1,1,1,1,1,1,1,0,0,0,1,0,0,1,1,0,1,0,0,1,1,1
1401,2011,TF,A,1,Y,N,N,N,AA,AA,AA,GG,CT,CC,1,0,1,0,1,0,0,1,1,1,0,1,0,1,0,0,0,2,0,0,1,2,0,0,0,0,1,0,0
1402,2011,TF,A,1,Y,N,N,N,AA,TT,AA,GG,TT,CC,1,0,0,1,1,0,0,1,0,1,0,1,0,1,0,0,0,0,0,0,0,2,0,0,0,0,0,0,0
1403,2011,TF,A,1,Y,N,N,N,AA,AT,AA,GG,CT,AC,1,0,1,1,1,0,0,1,1,1,1,1,1,1,0,0,0,1,0,0,1,1,0,1,0,0,1,1,1
1404,2011,TF,A,1,Y,N,N,N,AA,TT,AA,GG,CC,CC,1,0,0,1,1,0,0,1,1,0,0,1,0,1,0,0,0,0,0,0,2,2,0,0,0,0,0,0,0
1405,2011,TF,A,1,Y,N,N,N,AT,AT,AA,GG,CT,NA,1,1,1,1,1,0,0,1,1,1,NA,NA,NA,NA,NA,NA,1,1,0,0,1,NA,1,1,0,0,1,NA,NA
1406,2011,TF,A,0,N,N,N,N,AA,AT,AA,GG,CT,CC,1,0,1,1,1,0,0,1,1,1,0,1,0,1,0,0,0,1,0,0,1,2,0,1,0,0,1,0,0
1407,2011,TF,A,0,N,N,N,N,AA,AA,AA,GG,CC,CC,1,0,1,0,1,0,0,1,1,0,0,1,0,1,0,0,0,2,0,0,2,2,0,0,0,0,0,0,0
1408,2011,TF,A,1,Y,N,N,N,AA,TT,AA,GG,CC,CC,1,0,0,1,1,0,0,1,1,0,0,1,0,1,0,0,0,0,0,0,2,2,0,0,0,0,0,0,0
1409,2011,TF,A,0,N,N,N,N,AA,AT,AA,GG,CT,NA,1,0,1,1,1,0,0,1,1,1,NA,NA,NA,NA,NA,NA,0,1,0,0,1,NA,0,1,0,0,1,NA,NA
1410,2011,TF,A,0,N,N,N,N,AT,TT,AA,GG,TT,AC,1,1,0,1,1,0,0,1,0,1,1,1,1,1,0,0,1,0,0,0,0,1,1,0,0,0,0,1,1
1411,2011,TF,A,0,N,N,N,N,AA,TT,AA,GG,CC,CC,1,0,0,1,1,0,0,1,1,0,0,1,0,1,0,0,0,0,0,0,2,2,0,0,0,0,0,0,0
1412,2011,TF,A,0,N,N,N,N,AA,AT,AA,GG,CT,AC,1,0,1,1,1,0,0,1,1,1,1,1,1,1,0,0,0,1,0,0,1,1,0,1,0,0,1,1,1
1413,2011,TF,A,0,N,N,N,N,AT,AA,AA,GG,CT,AC,1,1,1,0,1,0,0,1,1,1,1,1,1,1,0,0,1,2,0,0,1,1,1,0,0,0,1,1,1
1414,2011,TF,A,0,N,N,N,N,AT,AA,AA,GG,CT,CC,1,1,1,0,1,0,0,1,1,1,0,1,0,1,0,0,1,2,0,0,1,2,1,0,0,0,1,0,0
1415,2011,TF,A,0,N,N,N,N,AA,AA,AA,GG,CC,CC,1,0,1,0,1,0,0,1,1,0,0,1,0,1,0,0,0,2,0,0,2,2,0,0,0,0,0,0,0
1416,2011,TF,A,0,N,N,N,N,AA,AA,AA,GG,CT,CC,1,0,1,0,1,0,0,1,1,1,0,1,0,1,0,0,0,2,0,0,1,2,0,0,0,0,1,0,0
1417,2011,TF,A,1,Y,N,N,N,AA,AA,AA,GG,TT,AA,1,0,1,0,1,0,0,1,0,1,1,0,1,0,0,0,0,2,0,0,0,0,0,0,0,0,0,0,0
1418,2011,TF,A,0,N,N,N,N,AA,AA,AA,GG,CC,CC,1,0,1,0,1,0,0,1,1,0,0,1,0,1,0,0,0,2,0,0,2,2,0,0,0,0,0,0,0
1419,2011,TF,A,1,Y,N,N,N,AA,AT,AA,GG,CC,CC,1,0,1,1,1,0,0,1,1,0,0,1,0,1,0,0,0,1,0,0,2,2,0,1,0,0,0,0,0
1420,2011,TF,A,0,N,N,N,N,AT,AT,AA,GG,CT,AC,1,1,1,1,1,0,0,1,1,1,1,1,1,1,0,0,1,1,0,0,1,1,1,1,0,0,1,1,1
1421,2011,TF,A,0,N,N,N,N,AA,AT,AA,GG,CT,AC,1,0,1,1,1,0,0,1,1,1,1,1,1,1,0,0,0,1,0,0,1,1,0,1,0,0,1,1,1
1422,2011,TF,A,0,N,N,N,N,AA,TT,AA,GG,TT,AA,1,0,0,1,1,0,0,1,0,1,1,0,1,0,0,0,0,0,0,0,0,0,0,0,0,0,0,0,0
1423,2011,TF,A,0,N,N,N,N,AA,AT,AA,GG,CC,CC,1,0,1,1,1,0,0,1,1,0,0,1,0,1,0,0,0,1,0,0,2,2,0,1,0,0,0,0,0
1424,2011,TF,A,0,N,N,N,N,AT,AT,AA,GG,CC,CC,1,1,1,1,1,0,0,1,1,0,0,1,0,1,0,0,1,1,0,0,2,2,1,1,0,0,0,0,0
1425,2011,TF,A,0,N,N,N,N,AT,AT,AA,GG,CT,AC,1,1,1,1,1,0,0,1,1,1,1,1,1,1,0,0,1,1,0,0,1,1,1,1,0,0,1,1,1
1426,2011,TF,A,0,N,N,N,N,TT,TT,AA,GG,CT,AC,0,1,0,1,1,0,0,1,1,1,1,1,1,1,0,0,2,0,0,0,1,1,0,0,0,0,1,1,1
1427,2011,TF,A,1,Y,N,N,N,AT,TT,AA,GG,CT,AC,1,1,0,1,1,0,0,1,1,1,1,1,1,1,0,0,1,0,0,0,1,1,1,0,0,0,1,1,1
1428,2011,TF,A,1,Y,N,N,N,AT,AT,AA,GG,CT,AC,1,1,1,1,1,0,0,1,1,1,1,1,1,1,0,0,1,1,0,0,1,1,1,1,0,0,1,1,1
1429,2011,TF,A,0,N,N,N,N,AT,TT,AA,GG,CC,CC,1,1,0,1,1,0,0,1,1,0,0,1,0,1,0,0,1,0,0,0,2,2,1,0,0,0,0,0,0
1430,2011,TF,A,0,N,N,N,N,AA,AT,AA,GG,CT,NA,1,0,1,1,1,0,0,1,1,1,NA,NA,NA,NA,NA,NA,0,1,0,0,1,NA,0,1,0,0,1,NA,NA
1431,2011,TF,A,1,Y,N,N,N,AA,AA,AA,GG,TT,AC,1,0,1,0,1,0,0,1,0,1,1,1,1,1,0,0,0,2,0,0,0,1,0,0,0,0,0,1,1
1432,2011,TF,A,1,Y,N,N,N,AT,TT,AA,GG,CC,CC,1,1,0,1,1,0,0,1,1,0,0,1,0,1,0,0,1,0,0,0,2,2,1,0,0,0,0,0,0
1433,2011,TF,A,1,Y,N,N,N,AT,AA,AA,GG,TT,AC,1,1,1,0,1,0,0,1,0,1,1,1,1,1,0,0,1,2,0,0,0,1,1,0,0,0,0,1,1
1434,2011,TF,A,0,N,N,N,N,AA,TT,AA,GG,CC,CC,1,0,0,1,1,0,0,1,1,0,0,1,0,1,0,0,0,0,0,0,2,2,0,0,0,0,0,0,0
1435,2011,TF,A,0,N,N,N,N,AA,TT,AA,GG,TT,AA,1,0,0,1,1,0,0,1,0,1,1,0,1,0,0,0,0,0,0,0,0,0,0,0,0,0,0,0,0
1436,2011,TF,A,0,N,N,N,N,AA,AT,AA,GG,CT,AC,1,0,1,1,1,0,0,1,1,1,1,1,1,1,0,0,0,1,0,0,1,1,0,1,0,0,1,1,1
1437,2011,TF,A,0,N,N,N,N,AT,AT,AA,GG,CT,AC,1,1,1,1,1,0,0,1,1,1,1,1,1,1,0,0,1,1,0,0,1,1,1,1,0,0,1,1,1
1438,2011,TF,A,1,Y,N,N,N,AA,TT,AA,GG,CC,CC,1,0,0,1,1,0,0,1,1,0,0,1,0,1,0,0,0,0,0,0,2,2,0,0,0,0,0,0,0
1439,2011,TF,A,0,N,N,N,N,AA,AT,AA,GG,CT,AC,1,0,1,1,1,0,0,1,1,1,1,1,1,1,0,0,0,1,0,0,1,1,0,1,0,0,1,1,1
1440,2011,TF,A,1,Y,N,N,N,AA,TT,AA,GG,TT,AA,1,0,0,1,1,0,0,1,0,1,1,0,1,0,0,0,0,0,0,0,0,0,0,0,0,0,0,0,0
1441,2011,TF,A,1,Y,N,N,N,AT,AA,AA,GG,CT,AC,1,1,1,0,1,0,0,1,1,1,1,1,1,1,0,0,1,2,0,0,1,1,1,0,0,0,1,1,1
1442,2011,TF,A,0,N,N,N,N,AA,AT,AA,GG,CC,CC,1,0,1,1,1,0,0,1,1,0,0,1,0,1,0,0,0,1,0,0,2,2,0,1,0,0,0,0,0
1443,2011,TF,A,1,Y,N,N,N,AT,TT,AA,GG,CT,AC,1,1,0,1,1,0,0,1,1,1,1,1,1,1,0,0,1,0,0,0,1,1,1,0,0,0,1,1,1
1444,2011,TF,A,0,N,N,N,N,AA,AT,AA,GG,CC,CC,1,0,1,1,1,0,0,1,1,0,0,1,0,1,0,0,0,1,0,0,2,2,0,1,0,0,0,0,0
1445,2011,TF,A,0,N,N,N,N,AT,AA,AA,GG,CC,CC,1,1,1,0,1,0,0,1,1,0,0,1,0,1,0,0,1,2,0,0,2,2,1,0,0,0,0,0,0
1446,2011,TF,A,0,N,N,N,N,AA,TT,AA,GG,CC,CC,1,0,0,1,1,0,0,1,1,0,0,1,0,1,0,0,0,0,0,0,2,2,0,0,0,0,0,0,0
1447,2011,TF,A,0,N,N,N,N,AA,AT,AA,GG,CT,AC,1,0,1,1,1,0,0,1,1,1,1,1,1,1,0,0,0,1,0,0,1,1,0,1,0,0,1,1,1
1448,2011,TF,A,1,Y,N,N,N,TT,TT,AA,GG,CT,AC,0,1,0,1,1,0,0,1,1,1,1,1,1,1,0,0,2,0,0,0,1,1,0,0,0,0,1,1,1
1449,2011,TF,A,1,N,Y,N,N,TT,AT,AA,GG,CT,AC,0,1,1,1,1,0,0,1,1,1,1,1,1,1,0,0,2,1,0,0,1,1,0,1,0,0,1,1,1
1450,2011,TF,A,1,Y,N,N,N,AT,TT,AA,GG,CC,CC,1,1,0,1,1,0,0,1,1,0,0,1,0,1,0,0,1,0,0,0,2,2,1,0,0,0,0,0,0
1451,2011,TF,A,0,N,N,N,N,AT,TT,AA,GG,CT,AC,1,1,0,1,1,0,0,1,1,1,1,1,1,1,0,0,1,0,0,0,1,1,1,0,0,0,1,1,1
1452,2011,TF,A,1,Y,N,N,N,AA,TT,AA,GG,CC,CC,1,0,0,1,1,0,0,1,1,0,0,1,0,1,0,0,0,0,0,0,2,2,0,0,0,0,0,0,0
1453,2011,TF,A,1,Y,N,N,N,AA,AA,AA,GG,CT,AC,1,0,1,0,1,0,0,1,1,1,1,1,1,1,0,0,0,2,0,0,1,1,0,0,0,0,1,1,1
1454,2011,TF,A,0,N,N,N,N,AA,AT,AA,GG,CC,CC,1,0,1,1,1,0,0,1,1,0,0,1,0,1,0,0,0,1,0,0,2,2,0,1,0,0,0,0,0
1455,2011,TF,A,1,Y,N,N,N,AT,AT,AA,GG,CC,CC,1,1,1,1,1,0,0,1,1,0,0,1,0,1,0,0,1,1,0,0,2,2,1,1,0,0,0,0,0
1456,2011,TF,A,1,Y,N,N,N,AT,AA,AA,GG,CC,CC,1,1,1,0,1,0,0,1,1,0,0,1,0,1,0,0,1,2,0,0,2,2,1,0,0,0,0,0,0
1457,2011,TF,A,0,N,N,N,N,AA,AT,AA,GG,TT,AC,1,0,1,1,1,0,0,1,0,1,1,1,1,1,0,0,0,1,0,0,0,1,0,1,0,0,0,1,1
1458,2011,TF,A,0,N,N,N,N,AT,AA,AA,GG,CT,AC,1,1,1,0,1,0,0,1,1,1,1,1,1,1,0,0,1,2,0,0,1,1,1,0,0,0,1,1,1
1459,2011,TF,A,1,Y,N,N,N,AT,TT,AA,GG,CC,CC,1,1,0,1,1,0,0,1,1,0,0,1,0,1,0,0,1,0,0,0,2,2,1,0,0,0,0,0,0
1460,2011,TF,A,1,Y,N,N,N,AA,AA,AA,GG,CT,AC,1,0,1,0,1,0,0,1,1,1,1,1,1,1,0,0,0,2,0,0,1,1,0,0,0,0,1,1,1
1461,2011,TF,A,0,N,N,N,N,AA,AT,AA,GG,CC,CC,1,0,1,1,1,0,0,1,1,0,0,1,0,1,0,0,0,1,0,0,2,2,0,1,0,0,0,0,0
1462,2011,TF,A,0,N,N,N,N,AT,TT,AA,GG,TT,CC,1,1,0,1,1,0,0,1,0,1,0,1,0,1,0,0,1,0,0,0,0,2,1,0,0,0,0,0,0
1463,2011,TF,A,0,N,N,N,N,AA,TT,AA,GG,CT,AC,1,0,0,1,1,0,0,1,1,1,1,1,1,1,0,0,0,0,0,0,1,1,0,0,0,0,1,1,1
1464,2011,TF,A,0,N,N,N,N,TT,AT,AA,GG,CC,CC,0,1,1,1,1,0,0,1,1,0,0,1,0,1,0,0,2,1,0,0,2,2,0,1,0,0,0,0,0
1465,2011,TF,A,0,N,N,N,N,AT,AA,AA,GG,CC,CC,1,1,1,0,1,0,0,1,1,0,0,1,0,1,0,0,1,2,0,0,2,2,1,0,0,0,0,0,0
1466,2011,TF,A,0,N,N,N,N,AA,AT,AA,GG,CT,AC,1,0,1,1,1,0,0,1,1,1,1,1,1,1,0,0,0,1,0,0,1,1,0,1,0,0,1,1,1
1467,2011,TF,A,1,Y,N,N,N,AT,TT,AA,GG,CT,CC,1,1,0,1,1,0,0,1,1,1,0,1,0,1,0,0,1,0,0,0,1,2,1,0,0,0,1,0,0
1468,2011,TF,A,1,Y,N,N,N,AA,AT,AA,GG,CC,CC,1,0,1,1,1,0,0,1,1,0,0,1,0,1,0,0,0,1,0,0,2,2,0,1,0,0,0,0,0
1469,2011,TF,A,1,Y,N,N,N,AA,AA,AA,GG,CC,CC,1,0,1,0,1,0,0,1,1,0,0,1,0,1,0,0,0,2,0,0,2,2,0,0,0,0,0,0,0
1470,2011,TF,A,1,N,Y,N,N,AA,AT,AA,GG,CT,AC,1,0,1,1,1,0,0,1,1,1,1,1,1,1,0,0,0,1,0,0,1,1,0,1,0,0,1,1,1
1471,2011,TF,A,0,N,N,N,N,AT,AT,AA,GG,CC,CC,1,1,1,1,1,0,0,1,1,0,0,1,0,1,0,0,1,1,0,0,2,2,1,1,0,0,0,0,0
1472,2011,TF,A,0,N,N,N,N,AA,TT,AA,GG,CC,CC,1,0,0,1,1,0,0,1,1,0,0,1,0,1,0,0,0,0,0,0,2,2,0,0,0,0,0,0,0
1473,2011,TF,A,0,N,N,N,N,AA,AT,AA,GG,TT,AA,1,0,1,1,1,0,0,1,0,1,1,0,1,0,0,0,0,1,0,0,0,0,0,1,0,0,0,0,0
1474,2011,TF,A,0,N,N,N,N,AA,AT,AA,GG,TT,AC,1,0,1,1,1,0,0,1,0,1,1,1,1,1,0,0,0,1,0,0,0,1,0,1,0,0,0,1,1
1475,2011,TF,A,0,N,N,N,N,AA,AT,AA,GG,CC,CC,1,0,1,1,1,0,0,1,1,0,0,1,0,1,0,0,0,1,0,0,2,2,0,1,0,0,0,0,0
1476,2011,TF,A,0,N,N,N,N,AA,AT,AA,GG,TT,NA,1,0,1,1,1,0,0,1,0,1,NA,NA,NA,NA,NA,NA,0,1,0,0,0,NA,0,1,0,0,0,NA,NA
1477,2011,TF,A,0,N,N,N,N,AA,AT,AA,GG,CC,CC,1,0,1,1,1,0,0,1,1,0,0,1,0,1,0,0,0,1,0,0,2,2,0,1,0,0,0,0,0
1478,2011,TF,A,0,N,N,N,N,AA,AA,AA,GG,CC,CC,1,0,1,0,1,0,0,1,1,0,0,1,0,1,0,0,0,2,0,0,2,2,0,0,0,0,0,0,0
1479,2011,TF,A,0,N,N,N,N,AT,AA,AA,GG,CT,AC,1,1,1,0,1,0,0,1,1,1,1,1,1,1,0,0,1,2,0,0,1,1,1,0,0,0,1,1,1
1480,2011,TF,A,0,N,N,N,N,AA,TT,AA,GG,CT,AC,1,0,0,1,1,0,0,1,1,1,1,1,1,1,0,0,0,0,0,0,1,1,0,0,0,0,1,1,1
1481,2011,TF,A,0,N,N,N,N,AA,AT,AA,GG,CT,AC,1,0,1,1,1,0,0,1,1,1,1,1,1,1,0,0,0,1,0,0,1,1,0,1,0,0,1,1,1
1482,2011,TF,A,0,N,N,N,N,AA,AT,AA,GG,TT,AA,1,0,1,1,1,0,0,1,0,1,1,0,1,0,0,0,0,1,0,0,0,0,0,1,0,0,0,0,0
1483,2011,TF,A,1,Y,N,N,N,AA,AT,AA,GG,CT,CC,1,0,1,1,1,0,0,1,1,1,0,1,0,1,0,0,0,1,0,0,1,2,0,1,0,0,1,0,0
1484,2011,TF,A,1,Y,N,N,N,AA,AT,AA,GG,CT,CC,1,0,1,1,1,0,0,1,1,1,0,1,0,1,0,0,0,1,0,0,1,2,0,1,0,0,1,0,0
1485,2011,TF,A,1,Y,N,N,N,AA,TT,AA,GG,CC,CC,1,0,0,1,1,0,0,1,1,0,0,1,0,1,0,0,0,0,0,0,2,2,0,0,0,0,0,0,0
1486,2011,TF,A,0,N,N,N,N,AA,TT,AA,GG,CT,AC,1,0,0,1,1,0,0,1,1,1,1,1,1,1,0,0,0,0,0,0,1,1,0,0,0,0,1,1,1
1487,2011,TF,A,0,N,N,N,N,AA,TT,AA,GG,CT,AC,1,0,0,1,1,0,0,1,1,1,1,1,1,1,0,0,0,0,0,0,1,1,0,0,0,0,1,1,1
1488,2011,TF,A,0,N,N,N,N,AA,AA,AA,GG,CT,CC,1,0,1,0,1,0,0,1,1,1,0,1,0,1,0,0,0,2,0,0,1,2,0,0,0,0,1,0,0
1530,2016,PS,A,1,N,N,N,Y,AT,TT,AA,AG,CC,CC,1,1,0,1,1,0,1,1,1,0,0,1,0,1,1,0,1,0,0,1,2,2,1,0,0,1,0,0,1
1531,2016,PS,A,0,N,N,N,N,TT,TT,AA,GG,TT,AA,0,1,0,1,1,0,0,1,0,1,1,0,1,0,0,0,2,0,0,0,0,0,0,0,0,0,0,0,0
1532,2016,PS,A,1,Y,N,N,N,TT,TT,AG,GG,CC,CC,0,1,0,1,1,1,0,1,1,0,0,1,0,1,0,1,2,0,1,0,2,2,0,0,1,0,0,0,1
1533,2016,PS,A,1,Y,N,N,N,AT,TT,AA,GG,TT,AA,1,1,0,1,1,0,0,1,0,1,1,0,1,0,0,0,1,0,0,0,0,0,1,0,0,0,0,0,0
1534,2016,PS,A,0,N,N,N,N,AT,TT,AA,GG,TT,AA,1,1,0,1,1,0,0,1,0,1,1,0,1,0,0,0,1,0,0,0,0,0,1,0,0,0,0,0,0
1535,2016,PS,A,1,N,N,N,Y,AT,TT,AG,AG,CC,CC,1,1,0,1,1,1,1,1,1,0,0,1,NA,NA,NA,NA,1,0,1,1,2,2,1,0,1,1,0,0,NA
1536,2016,PS,A,1,Y,N,N,N,AT,NA,AA,GG,TT,AA,1,1,NA,NA,1,0,0,1,0,1,1,0,1,0,0,0,1,NA,0,0,0,0,1,NA,0,0,0,0,0
1537,2016,PS,A,1,Y,N,N,N,AA,TT,AA,AG,CT,AC,1,0,0,1,1,0,1,1,1,1,1,1,1,0,1,0,0,0,0,1,1,1,0,0,0,1,1,1,1
1538,2016,PS,J,0,N,N,N,N,TT,AT,AA,GG,TT,AA,0,1,1,1,1,0,0,1,0,1,1,0,1,0,0,0,2,1,0,0,0,0,0,1,0,0,0,0,0
1539,2016,PS,A,0,N,N,N,N,TT,TT,AA,GG,TT,AA,0,1,0,1,1,0,0,1,0,1,1,0,1,0,0,0,2,0,0,0,0,0,0,0,0,0,0,0,0
1540,2016,PS,A,0,N,N,N,N,AT,AT,AA,GG,CT,AC,1,1,1,1,1,0,0,1,1,1,1,1,1,1,0,0,1,1,0,0,1,1,1,1,0,0,1,1,1
1541,2016,PS,A,0,N,N,N,N,AA,TT,AA,AG,CT,AC,1,0,0,1,1,0,1,1,1,1,1,1,1,0,1,0,0,0,0,1,1,1,0,0,0,1,1,1,1
1542,2016,PS,A,1,Y,N,N,N,AT,AT,AA,GG,TT,AA,1,1,1,1,1,0,0,1,0,1,1,0,1,0,0,0,1,1,0,0,0,0,1,1,0,0,0,0,0
1543,2016,PS,A,1,Y,N,N,N,AT,TT,AG,AG,CC,CC,1,1,0,1,1,1,1,1,1,0,0,1,NA,NA,NA,NA,1,0,1,1,2,2,1,0,1,1,0,0,NA
1544,2016,PS,A,1,Y,N,N,N,AT,AT,AA,GG,TT,AA,1,1,1,1,1,0,0,1,0,1,1,0,1,0,0,0,1,1,0,0,0,0,1,1,0,0,0,0,0
1545,2016,PS,A,1,Y,N,N,N,AA,TT,AA,GG,TT,AA,1,0,0,1,1,0,0,1,0,1,1,0,1,0,0,0,0,0,0,0,0,0,0,0,0,0,0,0,0
1546,2016,PS,A,1,Y,N,N,N,AT,AT,AG,GG,CT,AC,1,1,1,1,1,1,0,1,1,1,1,1,1,0,0,1,1,1,1,0,1,1,1,1,1,0,1,1,1
1547,2016,PS,A,1,Y,N,N,N,AA,TT,AA,AG,CT,AC,1,0,0,1,1,0,1,1,1,1,1,1,1,0,1,0,0,0,0,1,1,1,0,0,0,1,1,1,1
1548,2016,PS,A,1,Y,N,N,N,AA,TT,AG,GG,CT,AC,1,0,0,1,1,1,0,1,1,1,1,1,1,0,0,1,0,0,1,0,1,1,0,0,1,0,1,1,1
1549,2016,PS,A,1,Y,N,N,N,AT,TT,AA,AG,CC,CC,1,1,0,1,1,0,1,1,1,0,0,1,0,1,1,0,1,0,0,1,2,2,1,0,0,1,0,0,1
1550,2016,PS,A,1,Y,N,N,N,AT,TT,AA,AG,CC,CC,1,1,0,1,1,0,1,1,1,0,0,1,0,1,1,0,1,0,0,1,2,2,1,0,0,1,0,0,1
1551,2016,PS,A,1,Y,N,N,N,AT,TT,AA,GG,TT,AA,1,1,0,1,1,0,0,1,0,1,1,0,1,0,0,0,1,0,0,0,0,0,1,0,0,0,0,0,0
1552,2016,PS,A,0,N,N,N,N,AA,TT,AA,AG,CT,AC,1,0,0,1,1,0,1,1,1,1,1,1,1,0,1,0,0,0,0,1,1,1,0,0,0,1,1,1,1
1553,2016,PS,A,1,Y,N,N,N,AT,TT,AA,AG,CT,AC,1,1,0,1,1,0,1,1,1,1,1,1,1,0,1,0,1,0,0,1,1,1,1,0,0,1,1,1,1
1554,2016,PS,A,0,N,N,N,N,AA,TT,AA,GG,CT,AC,1,0,0,1,1,0,0,1,1,1,1,1,1,1,0,0,0,0,0,0,1,1,0,0,0,0,1,1,1
1555,2016,PS,A,1,Y,N,N,N,AA,AT,AA,GG,TT,AA,1,0,1,1,1,0,0,1,0,1,1,0,1,0,0,0,0,1,0,0,0,0,0,1,0,0,0,0,0
1556,2016,PS,A,1,Y,N,N,N,AT,TT,AA,GG,CT,AC,1,1,0,1,1,0,0,1,1,1,1,1,1,1,0,0,1,0,0,0,1,1,1,0,0,0,1,1,1
1557,2016,PS,A,1,Y,N,N,N,AT,TT,AA,AG,CC,CC,1,1,0,1,1,0,1,1,1,0,0,1,0,1,1,0,1,0,0,1,2,2,1,0,0,1,0,0,1
1558,2016,PS,A,1,Y,N,N,N,AA,TT,AA,GG,CT,AC,1,0,0,1,1,0,0,1,1,1,1,1,1,1,0,0,0,0,0,0,1,1,0,0,0,0,1,1,1
1559,2016,PS,A,0,N,N,N,N,TT,TT,AG,GG,CC,CC,0,1,0,1,1,1,0,1,1,0,0,1,0,1,0,1,2,0,1,0,2,2,0,0,1,0,0,0,1
1560,2016,PS,A,1,Y,N,N,N,TT,TT,AA,AG,CT,AC,0,1,0,1,1,0,1,1,1,1,1,1,1,0,1,0,2,0,0,1,1,1,0,0,0,1,1,1,1
1561,2016,PS,A,1,Y,N,N,N,TT,AT,AA,AG,CC,CC,0,1,1,1,1,0,1,1,1,0,0,1,0,1,1,0,2,1,0,1,2,2,0,1,0,1,0,0,1
1562,2016,PS,A,0,N,N,N,N,AA,TT,AA,AG,CC,CC,1,0,0,1,1,0,1,1,1,0,0,1,0,1,1,0,0,0,0,1,2,2,0,0,0,1,0,0,1
1563,2016,PS,A,0,N,N,N,N,AA,TT,AA,GG,CT,AC,1,0,0,1,1,0,0,1,1,1,1,1,1,1,0,0,0,0,0,0,1,1,0,0,0,0,1,1,1
1564,2016,PS,A,1,Y,N,N,N,AA,TT,AA,GG,TT,AA,1,0,0,1,1,0,0,1,0,1,1,0,1,0,0,0,0,0,0,0,0,0,0,0,0,0,0,0,0
1565,2016,PS,A,1,N,Y,N,N,AT,TT,AA,GG,CT,AC,1,1,0,1,1,0,0,1,1,1,1,1,1,1,0,0,1,0,0,0,1,1,1,0,0,0,1,1,1
1566,2016,PS,A,0,N,N,N,N,AT,TT,AA,GG,CT,AC,1,1,0,1,1,0,0,1,1,1,1,1,1,1,0,0,1,0,0,0,1,1,1,0,0,0,1,1,1
1567,2016,PS,A,1,Y,N,N,N,AA,TT,AA,AG,CT,AC,1,0,0,1,1,0,1,1,1,1,1,1,1,0,1,0,0,0,0,1,1,1,0,0,0,1,1,1,1
1568,2016,PS,A,1,Y,N,N,N,TT,TT,AA,AG,CC,CC,0,1,0,1,1,0,1,1,1,0,0,1,0,1,1,0,2,0,0,1,2,2,0,0,0,1,0,0,1
1569,2016,PS,A,1,Y,N,N,N,AT,TT,AA,AG,CT,AC,1,1,0,1,1,0,1,1,1,1,1,1,1,0,1,0,1,0,0,1,1,1,1,0,0,1,1,1,1
1570,2016,PS,A,1,Y,N,N,N,TT,TT,AA,GG,TT,AA,0,1,0,1,1,0,0,1,0,1,1,0,1,0,0,0,2,0,0,0,0,0,0,0,0,0,0,0,0
1571,2016,PS,A,1,Y,N,N,N,TT,TT,AA,AG,CT,AC,0,1,0,1,1,0,1,1,1,1,1,1,1,0,1,0,2,0,0,1,1,1,0,0,0,1,1,1,1
1572,2016,PS,A,1,Y,N,N,N,AA,TT,AA,AG,CT,AC,1,0,0,1,1,0,1,1,1,1,1,1,1,0,1,0,0,0,0,1,1,1,0,0,0,1,1,1,1
1573,2016,PS,A,1,Y,N,N,N,AT,TT,AA,GG,TT,AA,1,1,0,1,1,0,0,1,0,1,1,0,1,0,0,0,1,0,0,0,0,0,1,0,0,0,0,0,0
1574,2016,PS,J,1,Y,N,N,N,AT,TT,AA,AG,CC,CC,1,1,0,1,1,0,1,1,1,0,0,1,0,1,1,0,1,0,0,1,2,2,1,0,0,1,0,0,1
1575,2016,PS,A,1,Y,N,N,N,AT,TT,AA,GG,CT,AC,1,1,0,1,1,0,0,1,1,1,1,1,1,1,0,0,1,0,0,0,1,1,1,0,0,0,1,1,1
1576,2016,PS,J,0,N,N,N,N,AA,TT,AA,AA,CC,CC,1,0,0,1,1,0,1,0,1,0,0,1,0,0,1,0,0,0,0,2,2,2,0,0,0,0,0,0,0
1577,2016,PS,J,1,Y,N,N,N,AT,TT,AA,AG,CC,CC,1,1,0,1,1,0,1,1,1,0,0,1,0,1,1,0,1,0,0,1,2,2,1,0,0,1,0,0,1
1578,2016,PS,A,1,Y,N,N,N,AT,TT,AA,GG,CT,AC,1,1,0,1,1,0,0,1,1,1,1,1,1,1,0,0,1,0,0,0,1,1,1,0,0,0,1,1,1
1579,2016,PS,A,1,Y,N,N,N,TT,TT,AA,GG,TT,AA,0,1,0,1,1,0,0,1,0,1,1,0,1,0,0,0,2,0,0,0,0,0,0,0,0,0,0,0,0
1580,2016,PS,A,1,Y,N,N,N,TT,TT,AA,AG,CT,AC,0,1,0,1,1,0,1,1,1,1,1,1,1,0,1,0,2,0,0,1,1,1,0,0,0,1,1,1,1
1581,2016,PS,A,1,Y,N,N,N,AA,TT,AA,AG,CT,AC,1,0,0,1,1,0,1,1,1,1,1,1,1,0,1,0,0,0,0,1,1,1,0,0,0,1,1,1,1
1582,2016,PS,A,1,Y,N,N,N,TT,TT,AA,GG,TT,AA,0,1,0,1,1,0,0,1,0,1,1,0,1,0,0,0,2,0,0,0,0,0,0,0,0,0,0,0,0
1583,2016,PS,A,1,Y,N,N,N,AT,TT,AA,AG,CC,CC,1,1,0,1,1,0,1,1,1,0,0,1,0,1,1,0,1,0,0,1,2,2,1,0,0,1,0,0,1
1584,2016,PS,A,1,Y,N,N,N,AA,TT,AA,GG,TT,AA,1,0,0,1,1,0,0,1,0,1,1,0,1,0,0,0,0,0,0,0,0,0,0,0,0,0,0,0,0
1585,2016,PS,A,0,N,N,N,N,AA,TT,AA,GG,CT,AC,1,0,0,1,1,0,0,1,1,1,1,1,1,1,0,0,0,0,0,0,1,1,0,0,0,0,1,1,1
1586,2016,PS,A,0,N,N,N,N,AA,TT,AA,AG,CT,AC,1,0,0,1,1,0,1,1,1,1,1,1,1,0,1,0,0,0,0,1,1,1,0,0,0,1,1,1,1
1587,2016,PS,J,0,N,N,N,N,TT,AT,AA,GG,TT,AA,0,1,1,1,1,0,0,1,0,1,1,0,1,0,0,0,2,1,0,0,0,0,0,1,0,0,0,0,0
1588,2016,PS,A,1,Y,N,N,N,AT,TT,AA,AG,CC,CC,1,1,0,1,1,0,1,1,1,0,0,1,0,1,1,0,1,0,0,1,2,2,1,0,0,1,0,0,1
1589,2016,PS,A,1,Y,N,N,N,AA,TT,AA,AG,CT,AC,1,0,0,1,1,0,1,1,1,1,1,1,1,0,1,0,0,0,0,1,1,1,0,0,0,1,1,1,1
1590,2016,PS,A,1,Y,N,N,N,AT,TT,AA,GG,CT,AC,1,1,0,1,1,0,0,1,1,1,1,1,1,1,0,0,1,0,0,0,1,1,1,0,0,0,1,1,1
1591,2016,PS,A,1,Y,N,N,N,AA,TT,AA,GG,TT,AA,1,0,0,1,1,0,0,1,0,1,1,0,1,0,0,0,0,0,0,0,0,0,0,0,0,0,0,0,0
1592,2016,PS,J,1,Y,N,N,N,AT,TT,AA,GG,TT,AA,1,1,0,1,1,0,0,1,0,1,1,0,1,0,0,0,1,0,0,0,0,0,1,0,0,0,0,0,0
1593,2016,PS,A,1,Y,N,N,N,AA,AT,AA,GG,CT,AC,1,0,1,1,1,0,0,1,1,1,1,1,1,1,0,0,0,1,0,0,1,1,0,1,0,0,1,1,1
1594,2016,PS,A,1,Y,N,N,N,AT,TT,AA,AG,CT,AC,1,1,0,1,1,0,1,1,1,1,1,1,1,0,1,0,1,0,0,1,1,1,1,0,0,1,1,1,1
1595,2016,PS,A,1,Y,N,N,N,AT,TT,AA,GG,TT,AA,1,1,0,1,1,0,0,1,0,1,1,0,1,0,0,0,1,0,0,0,0,0,1,0,0,0,0,0,0
1596,2016,PS,A,1,Y,N,N,N,AT,TT,AA,GG,TT,AA,1,1,0,1,1,0,0,1,0,1,1,0,1,0,0,0,1,0,0,0,0,0,1,0,0,0,0,0,0
1597,2016,PS,A,1,Y,N,N,N,AT,TT,AG,AG,CC,CC,1,1,0,1,1,1,1,1,1,0,0,1,NA,NA,NA,NA,1,0,1,1,2,2,1,0,1,1,0,0,NA
1598,2016,PS,A,1,Y,N,N,N,AA,TT,AA,GG,TT,AA,1,0,0,1,1,0,0,1,0,1,1,0,1,0,0,0,0,0,0,0,0,0,0,0,0,0,0,0,0
1599,2016,PS,A,0,N,N,N,N,AT,TT,AA,GG,TT,AA,1,1,0,1,1,0,0,1,0,1,1,0,1,0,0,0,1,0,0,0,0,0,1,0,0,0,0,0,0
1600,2016,PS,A,0,N,N,N,N,AA,AT,AA,GG,CT,AC,1,0,1,1,1,0,0,1,1,1,1,1,1,1,0,0,0,1,0,0,1,1,0,1,0,0,1,1,1
1601,2016,PS,A,0,N,N,N,N,AA,TT,AA,AG,CT,AC,1,0,0,1,1,0,1,1,1,1,1,1,1,0,1,0,0,0,0,1,1,1,0,0,0,1,1,1,1
1602,2016,PS,A,1,Y,N,N,N,AT,TT,AA,GG,CT,AC,1,1,0,1,1,0,0,1,1,1,1,1,1,1,0,0,1,0,0,0,1,1,1,0,0,0,1,1,1
1603,2016,PS,A,1,Y,N,N,N,AA,TT,AA,GG,TT,AA,1,0,0,1,1,0,0,1,0,1,1,0,1,0,0,0,0,0,0,0,0,0,0,0,0,0,0,0,0
1604,2016,PS,A,1,Y,N,N,N,AA,TT,AA,AG,CT,AC,1,0,0,1,1,0,1,1,1,1,1,1,1,0,1,0,0,0,0,1,1,1,0,0,0,1,1,1,1
1605,2016,PS,A,0,N,N,N,N,AA,AT,AA,GG,CT,AC,1,0,1,1,1,0,0,1,1,1,1,1,1,1,0,0,0,1,0,0,1,1,0,1,0,0,1,1,1
1606,2016,PS,A,0,N,N,N,N,AT,TT,AA,AG,CT,AC,1,1,0,1,1,0,1,1,1,1,1,1,1,0,1,0,1,0,0,1,1,1,1,0,0,1,1,1,1
1607,2016,PS,J,0,N,N,N,N,TT,TT,AA,AG,CT,AC,0,1,0,1,1,0,1,1,1,1,1,1,1,0,1,0,2,0,0,1,1,1,0,0,0,1,1,1,1
1608,2016,PS,A,1,Y,N,N,N,AT,TT,AA,GG,TT,AA,1,1,0,1,1,0,0,1,0,1,1,0,1,0,0,0,1,0,0,0,0,0,1,0,0,0,0,0,0
1609,2016,PS,A,1,Y,N,N,N,TT,AT,AG,GG,CT,AC,0,1,1,1,1,1,0,1,1,1,1,1,1,0,0,1,2,1,1,0,1,1,0,1,1,0,1,1,1
1610,2016,PS,A,1,Y,N,N,N,AT,TT,AA,AG,CT,AC,1,1,0,1,1,0,1,1,1,1,1,1,1,0,1,0,1,0,0,1,1,1,1,0,0,1,1,1,1
1611,2016,PS,J,0,N,N,N,N,AA,TT,AA,AG,CT,AC,1,0,0,1,1,0,1,1,1,1,1,1,1,0,1,0,0,0,0,1,1,1,0,0,0,1,1,1,1
1612,2016,PS,A,0,N,N,N,N,AA,TT,AG,GG,CT,AC,1,0,0,1,1,1,0,1,1,1,1,1,1,0,0,1,0,0,1,0,1,1,0,0,1,0,1,1,1
1613,2016,PS,A,0,N,N,N,N,AT,TT,AA,GG,TT,AA,1,1,0,1,1,0,0,1,0,1,1,0,1,0,0,0,1,0,0,0,0,0,1,0,0,0,0,0,0
1614,2016,PS,A,1,N,Y,N,N,AA,TT,AA,GG,CT,AC,1,0,0,1,1,0,0,1,1,1,1,1,1,1,0,0,0,0,0,0,1,1,0,0,0,0,1,1,1
1615,2016,PS,A,0,N,N,N,N,AA,TT,AA,GG,TT,AA,1,0,0,1,1,0,0,1,0,1,1,0,1,0,0,0,0,0,0,0,0,0,0,0,0,0,0,0,0
1616,2016,PS,A,1,Y,N,N,N,AT,TT,AA,AG,CT,AC,1,1,0,1,1,0,1,1,1,1,1,1,1,0,1,0,1,0,0,1,1,1,1,0,0,1,1,1,1
1617,2016,PS,A,1,Y,N,N,N,TT,TT,AA,AG,CT,AC,0,1,0,1,1,0,1,1,1,1,1,1,1,0,1,0,2,0,0,1,1,1,0,0,0,1,1,1,1
1618,2016,PS,A,1,Y,N,N,N,AT,TT,AA,GG,CT,AC,1,1,0,1,1,0,0,1,1,1,1,1,1,1,0,0,1,0,0,0,1,1,1,0,0,0,1,1,1
1619,2016,PS,A,1,Y,N,N,N,NA,TT,AA,GG,TT,AA,NA,NA,0,1,1,0,0,1,0,1,1,0,1,0,0,0,NA,0,0,0,0,0,NA,0,0,0,0,0,0
1620,2016,PS,A,0,N,N,N,N,AT,TT,AA,AG,CT,AC,1,1,0,1,1,0,1,1,1,1,1,1,1,0,1,0,1,0,0,1,1,1,1,0,0,1,1,1,1
1621,2016,PS,A,1,Y,N,N,N,TT,TT,AA,AG,CC,CC,0,1,0,1,1,0,1,1,1,0,0,1,0,1,1,0,2,0,0,1,2,2,0,0,0,1,0,0,1
1622,2016,PS,A,1,Y,N,N,N,AT,TT,AA,AG,CT,AC,1,1,0,1,1,0,1,1,1,1,1,1,1,0,1,0,1,0,0,1,1,1,1,0,0,1,1,1,1
1623,2016,PS,A,1,Y,N,N,N,AA,TT,AA,AG,CT,AC,1,0,0,1,1,0,1,1,1,1,1,1,1,0,1,0,0,0,0,1,1,1,0,0,0,1,1,1,1
1624,2016,PS,A,1,Y,N,N,N,AA,TT,AA,GG,TT,AA,1,0,0,1,1,0,0,1,0,1,1,0,1,0,0,0,0,0,0,0,0,0,0,0,0,0,0,0,0
1625,2016,PS,A,1,Y,N,N,N,AA,TT,AA,AG,CC,CC,1,0,0,1,1,0,1,1,1,0,0,1,0,1,1,0,0,0,0,1,2,2,0,0,0,1,0,0,1
1626,2016,PS,A,1,Y,N,N,N,AT,TT,AA,AG,CT,AC,1,1,0,1,1,0,1,1,1,1,1,1,1,0,1,0,1,0,0,1,1,1,1,0,0,1,1,1,1
1627,2016,PS,A,1,Y,N,N,N,AT,TT,AA,GG,TT,AA,1,1,0,1,1,0,0,1,0,1,1,0,1,0,0,0,1,0,0,0,0,0,1,0,0,0,0,0,0
1628,2016,PS,A,1,Y,N,N,N,AA,AT,AA,GG,TT,AA,1,0,1,1,1,0,0,1,0,1,1,0,1,0,0,0,0,1,0,0,0,0,0,1,0,0,0,0,0
1629,2016,PS,A,1,Y,N,N,N,TT,TT,AA,GG,CT,CC,0,1,0,1,1,0,0,1,1,1,0,1,0,1,0,0,2,0,0,0,1,2,0,0,0,0,1,0,0
1630,2016,PS,A,1,Y,N,N,N,AA,TT,AG,GG,CC,CC,1,0,0,1,1,1,0,1,1,0,0,1,0,1,0,1,0,0,1,0,2,2,0,0,1,0,0,0,1
1631,2016,PS,A,1,Y,N,N,N,AA,TT,AA,AG,CT,AC,1,0,0,1,1,0,1,1,1,1,1,1,1,0,1,0,0,0,0,1,1,1,0,0,0,1,1,1,1
1632,2016,PS,A,1,Y,N,N,N,AA,TT,AA,AA,CC,CC,1,0,0,1,1,0,1,0,1,0,0,1,0,0,1,0,0,0,0,2,2,2,0,0,0,0,0,0,0
1633,2016,PS,J,0,N,N,N,N,AA,TT,AA,AA,CC,CC,1,0,0,1,1,0,1,0,1,0,0,1,0,0,1,0,0,0,0,2,2,2,0,0,0,0,0,0,0
1634,2016,PS,A,1,Y,N,N,N,TT,TT,AA,AA,CC,CC,0,1,0,1,1,0,1,0,1,0,0,1,0,0,1,0,2,0,0,2,2,2,0,0,0,0,0,0,0
1635,2016,PS,A,1,N,Y,N,N,TT,TT,AA,GG,TT,AA,0,1,0,1,1,0,0,1,0,1,1,0,1,0,0,0,2,0,0,0,0,0,0,0,0,0,0,0,0
1636,2016,PS,A,1,N,Y,N,N,AA,TT,AA,AA,CC,CC,1,0,0,1,1,0,1,0,1,0,0,1,0,0,1,0,0,0,0,2,2,2,0,0,0,0,0,0,0
1637,2016,PS,A,1,Y,N,N,N,AA,TT,AA,AA,CC,CC,1,0,0,1,1,0,1,0,1,0,0,1,0,0,1,0,0,0,0,2,2,2,0,0,0,0,0,0,0
1638,2016,PS,J,0,N,N,N,N,AT,TT,AA,AG,CT,NA,1,1,0,1,1,0,1,1,1,1,NA,NA,NA,NA,NA,NA,1,0,0,1,1,NA,1,0,0,1,1,NA,NA
1639,2016,PS,J,0,N,N,N,N,AT,TT,AA,AG,CT,AC,1,1,0,1,1,0,1,1,1,1,1,1,1,0,1,0,1,0,0,1,1,1,1,0,0,1,1,1,1
1640,2016,PS,A,1,Y,N,N,N,AA,TT,AA,AG,CT,AC,1,0,0,1,1,0,1,1,1,1,1,1,1,0,1,0,0,0,0,1,1,1,0,0,0,1,1,1,1
1641,2016,PS,A,1,Y,N,N,N,TT,TT,AA,GG,CT,AC,0,1,0,1,1,0,0,1,1,1,1,1,1,1,0,0,2,0,0,0,1,1,0,0,0,0,1,1,1
1642,2016,PS,A,1,Y,N,N,N,AT,AT,AA,AA,CC,CC,1,1,1,1,1,0,1,0,1,0,0,1,0,0,1,0,1,1,0,2,2,2,1,1,0,0,0,0,0
1643,2016,PS,A,1,Y,N,N,N,TT,TT,AA,AG,CC,CC,0,1,0,1,1,0,1,1,1,0,0,1,0,1,1,0,2,0,0,1,2,2,0,0,0,1,0,0,1
1644,2016,PS,A,1,Y,N,N,N,AA,TT,AA,AG,CT,AC,1,0,0,1,1,0,1,1,1,1,1,1,1,0,1,0,0,0,0,1,1,1,0,0,0,1,1,1,1
1645,2016,PS,A,1,Y,N,N,N,AT,TT,AA,AG,CC,CC,1,1,0,1,1,0,1,1,1,0,0,1,0,1,1,0,1,0,0,1,2,2,1,0,0,1,0,0,1
1646,2016,PS,A,1,Y,N,N,N,AT,TT,AA,AA,CC,CC,1,1,0,1,1,0,1,0,1,0,0,1,0,0,1,0,1,0,0,2,2,2,1,0,0,0,0,0,0
1647,2016,PS,A,1,Y,N,N,N,AA,TT,AA,AG,CT,AC,1,0,0,1,1,0,1,1,1,1,1,1,1,0,1,0,0,0,0,1,1,1,0,0,0,1,1,1,1
1648,2016,PS,A,1,Y,N,N,N,AA,TT,AA,AA,CC,CC,1,0,0,1,1,0,1,0,1,0,0,1,0,0,1,0,0,0,0,2,2,2,0,0,0,0,0,0,0
1649,2016,PS,A,1,Y,N,N,N,AT,TT,AA,AG,CT,AC,1,1,0,1,1,0,1,1,1,1,1,1,1,0,1,0,1,0,0,1,1,1,1,0,0,1,1,1,1
1650,2016,PS,A,1,Y,N,N,N,AT,TT,AA,GG,CT,AC,1,1,0,1,1,0,0,1,1,1,1,1,1,1,0,0,1,0,0,0,1,1,1,0,0,0,1,1,1
1651,2016,PS,J,0,N,N,N,N,AT,TT,AA,GG,CC,CC,1,1,0,1,1,0,0,1,1,0,0,1,0,1,0,0,1,0,0,0,2,2,1,0,0,0,0,0,0
1652,2016,PS,J,0,N,N,N,N,AT,TT,AA,AG,CC,CC,1,1,0,1,1,0,1,1,1,0,0,1,0,1,1,0,1,0,0,1,2,2,1,0,0,1,0,0,1
1653,2016,PS,A,1,Y,N,N,N,TT,TT,AA,GG,CT,AC,0,1,0,1,1,0,0,1,1,1,1,1,1,1,0,0,2,0,0,0,1,1,0,0,0,0,1,1,1
1654,2016,PS,A,1,Y,N,N,N,AT,TT,AA,GG,CT,AC,1,1,0,1,1,0,0,1,1,1,1,1,1,1,0,0,1,0,0,0,1,1,1,0,0,0,1,1,1
1655,2016,PS,A,1,Y,N,N,N,AA,TT,AA,AG,CC,CC,1,0,0,1,1,0,1,1,1,0,0,1,0,1,1,0,0,0,0,1,2,2,0,0,0,1,0,0,1
1656,2016,PS,A,1,Y,N,N,N,AT,TT,AA,GG,TT,AA,1,1,0,1,1,0,0,1,0,1,1,0,1,0,0,0,1,0,0,0,0,0,1,0,0,0,0,0,0
1657,2016,PS,A,1,Y,N,N,N,AT,TT,AA,AG,CC,CC,1,1,0,1,1,0,1,1,1,0,0,1,0,1,1,0,1,0,0,1,2,2,1,0,0,1,0,0,1
1658,2016,PS,A,1,Y,N,N,N,AT,TT,AA,AG,CT,AC,1,1,0,1,1,0,1,1,1,1,1,1,1,0,1,0,1,0,0,1,1,1,1,0,0,1,1,1,1
